id,day,hour,principal,department,kind,resource,resource_department,sensitivity,action,device,risk,observed_allow,expected_deny
1,1,9,finance-2,finance,employee,sales-crm,sales,internal,read,managed,low,0,1
2,2,1,engineering-1,engineering,employee,company-handbook,shared,public,export,unmanaged,low,1,0
3,3,9,engineering-3,engineering,employee,engineering-code,engineering,confidential,read,managed,low,1,0
4,4,1,finance-2,finance,employee,company-handbook,shared,public,read,managed,low,1,0
5,5,12,sales-2,sales,employee,sales-crm,sales,internal,export,managed,low,1,0
6,6,3,engineering-1,engineering,employee,finance-payroll,finance,restricted,read,managed,low,0,1
7,7,19,sales-2,sales,employee,sales-crm,sales,internal,read,managed,low,1,0
8,8,12,engineering-1,engineering,employee,sales-crm,sales,internal,read,managed,low,1,1
9,9,6,sales-2,sales,employee,company-handbook,shared,public,read,managed,low,1,0
10,10,15,finance-3,finance,employee,sales-crm,sales,internal,read,managed,low,0,1
11,11,19,build-service,engineering,service,company-handbook,shared,public,export,unmanaged,low,1,0
12,12,13,security-admin,security,admin,finance-payroll,finance,restricted,read,managed,high,1,1
13,13,23,engineering-3,engineering,employee,company-handbook,shared,public,read,managed,low,1,0
14,14,23,report-service,sales,service,engineering-code,engineering,confidential,read,unmanaged,low,0,1
15,15,1,finance-3,finance,employee,engineering-code,engineering,confidential,read,managed,low,0,1
16,16,14,sales-3,sales,employee,engineering-code,engineering,confidential,read,managed,low,0,1
17,17,7,build-service,engineering,service,finance-payroll,finance,restricted,read,managed,low,0,1
18,18,21,engineering-2,engineering,employee,finance-payroll,finance,restricted,read,managed,low,0,1
19,19,2,sales-3,sales,employee,company-handbook,shared,public,read,managed,low,1,0
20,20,16,finance-3,finance,employee,engineering-code,engineering,confidential,read,managed,low,0,1
21,21,3,report-service,sales,service,finance-payroll,finance,restricted,read,managed,low,1,1
22,22,0,sales-3,sales,employee,finance-payroll,finance,restricted,read,managed,low,0,1
23,23,18,security-admin,security,admin,company-handbook,shared,public,read,managed,low,1,0
24,24,15,finance-3,finance,employee,finance-payroll,finance,restricted,read,managed,high,1,1
25,25,15,security-admin,security,admin,company-handbook,shared,public,read,managed,low,1,0
26,26,21,sales-2,sales,employee,sales-crm,sales,internal,read,managed,low,1,0
27,27,0,engineering-1,engineering,employee,sales-crm,sales,internal,read,managed,low,1,1
28,28,18,finance-2,finance,employee,company-handbook,shared,public,read,managed,low,1,0
29,29,14,security-admin,security,admin,sales-crm,sales,internal,read,managed,low,1,0
30,30,10,engineering-3,engineering,employee,finance-payroll,finance,restricted,read,managed,low,0,1
31,1,21,sales-2,sales,employee,company-handbook,shared,public,read,managed,low,1,0
32,2,0,sales-1,sales,employee,sales-crm,sales,internal,read,managed,low,1,0
33,3,10,finance-3,finance,employee,engineering-code,engineering,confidential,read,managed,low,0,1
34,4,21,sales-3,sales,employee,company-handbook,shared,public,read,managed,low,1,0
35,5,17,sales-3,sales,employee,engineering-code,engineering,confidential,read,managed,low,0,1
36,6,12,finance-1,finance,employee,sales-crm,sales,internal,read,managed,low,1,1
37,7,1,sales-2,sales,employee,engineering-code,engineering,confidential,read,managed,low,1,1
38,8,19,security-admin,security,admin,engineering-code,engineering,confidential,read,managed,low,1,0
39,9,23,finance-2,finance,employee,engineering-code,engineering,confidential,read,managed,low,0,1
40,10,3,finance-2,finance,employee,engineering-code,engineering,confidential,export,managed,low,0,1
41,11,2,sales-1,sales,employee,company-handbook,shared,public,read,managed,low,1,0
42,12,23,finance-1,finance,employee,sales-crm,sales,internal,read,managed,low,1,1
43,13,2,sales-3,sales,employee,engineering-code,engineering,confidential,read,managed,low,0,1
44,14,1,finance-1,finance,employee,company-handbook,shared,public,read,managed,low,1,0
45,15,14,finance-2,finance,employee,sales-crm,sales,internal,read,managed,low,0,1
46,16,13,report-service,sales,service,finance-payroll,finance,restricted,read,managed,low,1,1
47,17,5,sales-2,sales,employee,sales-crm,sales,internal,read,managed,low,1,0
48,18,17,sales-3,sales,employee,engineering-code,engineering,confidential,read,managed,low,0,1
49,19,5,finance-2,finance,employee,engineering-code,engineering,confidential,read,managed,high,0,1
50,20,8,sales-3,sales,employee,sales-crm,sales,internal,read,managed,low,1,0
51,21,13,build-service,engineering,service,engineering-code,engineering,confidential,read,unmanaged,low,1,1
52,22,7,build-service,engineering,service,sales-crm,sales,internal,read,managed,low,1,1
53,23,3,build-service,engineering,service,sales-crm,sales,internal,read,managed,low,1,1
54,24,19,sales-1,sales,employee,finance-payroll,finance,restricted,read,managed,low,0,1
55,25,4,build-service,engineering,service,sales-crm,sales,internal,read,managed,low,1,1
56,26,14,engineering-2,engineering,employee,finance-payroll,finance,restricted,read,managed,low,0,1
57,27,3,finance-1,finance,employee,finance-payroll,finance,restricted,read,managed,low,1,0
58,28,1,engineering-2,engineering,employee,company-handbook,shared,public,export,managed,low,1,0
59,29,5,engineering-2,engineering,employee,engineering-code,engineering,confidential,read,managed,low,1,0
60,30,21,report-service,sales,service,finance-payroll,finance,restricted,read,managed,low,1,1
61,1,9,build-service,engineering,service,engineering-code,engineering,confidential,read,managed,low,1,0
62,2,17,sales-2,sales,employee,engineering-code,engineering,confidential,read,managed,low,1,1
63,3,3,finance-1,finance,employee,engineering-code,engineering,confidential,read,managed,low,0,1
64,4,9,sales-3,sales,employee,sales-crm,sales,internal,read,managed,low,1,0
65,5,3,report-service,sales,service,company-handbook,shared,public,read,managed,low,1,0
66,6,18,finance-2,finance,employee,finance-payroll,finance,restricted,read,managed,low,1,0
67,7,11,sales-2,sales,employee,finance-payroll,finance,restricted,read,managed,low,0,1
68,8,23,sales-1,sales,employee,company-handbook,shared,public,read,managed,low,1,0
69,9,0,security-admin,security,admin,engineering-code,engineering,confidential,read,managed,low,1,0
70,10,23,security-admin,security,admin,engineering-code,engineering,confidential,export,managed,low,1,1
71,11,16,engineering-1,engineering,employee,sales-crm,sales,internal,read,managed,low,1,1
72,12,22,finance-2,finance,employee,sales-crm,sales,internal,read,managed,low,0,1
73,13,15,sales-2,sales,employee,engineering-code,engineering,confidential,read,managed,low,1,1
74,14,1,finance-2,finance,employee,engineering-code,engineering,confidential,read,managed,low,0,1
75,15,11,finance-2,finance,employee,sales-crm,sales,internal,read,managed,low,0,1
76,16,18,engineering-3,engineering,employee,sales-crm,sales,internal,read,managed,low,1,1
77,17,14,sales-2,sales,employee,company-handbook,shared,public,read,managed,low,1,0
78,18,12,sales-1,sales,employee,sales-crm,sales,internal,read,managed,low,1,0
79,19,12,build-service,engineering,service,engineering-code,engineering,confidential,read,unmanaged,low,1,1
80,20,8,engineering-1,engineering,employee,sales-crm,sales,internal,export,managed,low,0,1
81,21,21,security-admin,security,admin,finance-payroll,finance,restricted,read,managed,low,1,0
82,22,3,build-service,engineering,service,engineering-code,engineering,confidential,read,managed,low,1,0
83,23,10,sales-1,sales,employee,sales-crm,sales,internal,read,managed,low,1,0
84,24,0,sales-1,sales,employee,engineering-code,engineering,confidential,read,managed,low,0,1
85,25,22,sales-2,sales,employee,company-handbook,shared,public,read,managed,low,1,0
86,26,23,sales-3,sales,employee,finance-payroll,finance,restricted,export,managed,low,0,1
87,27,16,engineering-3,engineering,employee,company-handbook,shared,public,read,managed,low,1,0
88,28,23,report-service,sales,service,engineering-code,engineering,confidential,read,managed,low,0,1
89,29,5,security-admin,security,admin,company-handbook,shared,public,read,managed,low,1,0
90,30,3,finance-2,finance,employee,sales-crm,sales,internal,read,managed,low,0,1
91,1,6,sales-3,sales,employee,engineering-code,engineering,confidential,read,managed,low,0,1
92,2,7,engineering-2,engineering,employee,engineering-code,engineering,confidential,export,managed,high,1,1
93,3,12,finance-2,finance,employee,sales-crm,sales,internal,read,managed,low,0,1
94,4,10,engineering-1,engineering,employee,engineering-code,engineering,confidential,read,managed,low,1,0
95,5,11,engineering-1,engineering,employee,company-handbook,shared,public,export,managed,low,1,0
96,6,19,build-service,engineering,service,sales-crm,sales,internal,read,unmanaged,low,1,1
97,7,21,build-service,engineering,service,sales-crm,sales,internal,read,managed,low,1,1
98,8,7,build-service,engineering,service,company-handbook,shared,public,read,managed,low,1,0
99,9,20,security-admin,security,admin,company-handbook,shared,public,read,managed,low,1,0
100,10,12,engineering-2,engineering,employee,sales-crm,sales,internal,read,managed,low,0,1
101,11,20,engineering-1,engineering,employee,sales-crm,sales,internal,read,managed,low,1,1
102,12,21,report-service,sales,service,company-handbook,shared,public,read,managed,low,1,0
103,13,2,finance-3,finance,employee,sales-crm,sales,internal,read,managed,low,0,1
104,14,16,finance-2,finance,employee,company-handbook,shared,public,read,managed,low,1,0
105,15,16,security-admin,security,admin,engineering-code,engineering,confidential,read,managed,low,1,0
106,16,19,engineering-2,engineering,employee,sales-crm,sales,internal,read,managed,low,0,1
107,17,13,finance-3,finance,employee,sales-crm,sales,internal,read,managed,low,0,1
108,18,17,engineering-2,engineering,employee,finance-payroll,finance,restricted,read,managed,low,0,1
109,19,2,build-service,engineering,service,finance-payroll,finance,restricted,read,managed,low,0,1
110,20,6,engineering-1,engineering,employee,engineering-code,engineering,confidential,read,managed,low,1,0
111,21,16,report-service,sales,service,company-handbook,shared,public,export,unmanaged,low,1,0
112,22,13,sales-3,sales,employee,finance-payroll,finance,restricted,read,managed,low,0,1
113,23,21,engineering-3,engineering,employee,engineering-code,engineering,confidential,read,managed,high,1,1
114,24,22,sales-2,sales,employee,company-handbook,shared,public,read,managed,low,1,0
115,25,21,sales-2,sales,employee,engineering-code,engineering,confidential,read,unmanaged,low,1,1
116,26,1,sales-2,sales,employee,company-handbook,shared,public,read,managed,low,1,0
117,27,8,build-service,engineering,service,finance-payroll,finance,restricted,read,managed,low,0,1
118,28,3,engineering-1,engineering,employee,company-handbook,shared,public,read,managed,low,1,0
119,29,9,report-service,sales,service,sales-crm,sales,internal,read,managed,low,1,0
120,30,12,report-service,sales,service,company-handbook,shared,public,export,managed,low,1,0
121,1,0,report-service,sales,service,company-handbook,shared,public,read,managed,low,1,0
122,2,14,sales-3,sales,employee,finance-payroll,finance,restricted,read,managed,low,0,1
123,3,9,engineering-3,engineering,employee,engineering-code,engineering,confidential,read,managed,low,1,0
124,4,1,build-service,engineering,service,sales-crm,sales,internal,export,managed,low,0,1
125,5,21,engineering-2,engineering,employee,finance-payroll,finance,restricted,read,managed,low,0,1
126,6,6,engineering-2,engineering,employee,company-handbook,shared,public,read,managed,low,1,0
127,7,22,build-service,engineering,service,finance-payroll,finance,restricted,read,managed,low,0,1
128,8,5,sales-2,sales,employee,company-handbook,shared,public,export,managed,low,1,0
129,9,20,engineering-2,engineering,employee,company-handbook,shared,public,read,managed,low,1,0
130,10,22,sales-2,sales,employee,company-handbook,shared,public,read,managed,low,1,0
131,11,2,security-admin,security,admin,engineering-code,engineering,confidential,read,managed,low,1,0
132,12,3,engineering-2,engineering,employee,finance-payroll,finance,restricted,read,managed,low,0,1
133,13,0,sales-2,sales,employee,company-handbook,shared,public,read,managed,low,1,0
134,14,12,engineering-3,engineering,employee,company-handbook,shared,public,read,managed,low,1,0
135,15,18,security-admin,security,admin,sales-crm,sales,internal,read,unmanaged,low,1,1
136,16,8,engineering-2,engineering,employee,sales-crm,sales,internal,read,managed,high,0,1
137,17,22,sales-3,sales,employee,engineering-code,engineering,confidential,read,unmanaged,low,0,1
138,18,18,engineering-3,engineering,employee,finance-payroll,finance,restricted,read,managed,low,0,1
139,19,5,build-service,engineering,service,company-handbook,shared,public,read,managed,low,1,0
140,20,14,finance-3,finance,employee,sales-crm,sales,internal,read,managed,high,0,1
141,21,7,sales-1,sales,employee,finance-payroll,finance,restricted,read,managed,low,0,1
142,22,4,sales-3,sales,employee,engineering-code,engineering,confidential,read,managed,low,0,1
143,23,11,security-admin,security,admin,sales-crm,sales,internal,read,managed,low,1,0
144,24,2,report-service,sales,service,sales-crm,sales,internal,read,managed,low,1,0
145,25,9,finance-1,finance,employee,engineering-code,engineering,confidential,read,managed,high,0,1
146,26,23,sales-1,sales,employee,sales-crm,sales,internal,read,managed,low,1,0
147,27,20,sales-2,sales,employee,engineering-code,engineering,confidential,read,managed,low,1,1
148,28,19,finance-1,finance,employee,company-handbook,shared,public,read,managed,high,1,1
149,29,4,sales-1,sales,employee,finance-payroll,finance,restricted,read,unmanaged,low,0,1
150,30,5,report-service,sales,service,finance-payroll,finance,restricted,read,managed,low,1,1
151,1,1,sales-1,sales,employee,engineering-code,engineering,confidential,read,managed,low,0,1
152,2,18,finance-1,finance,employee,sales-crm,sales,internal,read,managed,low,1,1
153,3,10,engineering-2,engineering,employee,sales-crm,sales,internal,read,managed,low,0,1
154,4,7,finance-1,finance,employee,company-handbook,shared,public,read,managed,low,1,0
155,5,0,sales-1,sales,employee,sales-crm,sales,internal,read,unmanaged,low,1,1
156,6,14,sales-2,sales,employee,sales-crm,sales,internal,read,managed,low,1,0
157,7,14,finance-2,finance,employee,sales-crm,sales,internal,read,managed,high,0,1
158,8,21,finance-3,finance,employee,company-handbook,shared,public,read,managed,low,1,0
159,9,6,engineering-3,engineering,employee,finance-payroll,finance,restricted,read,managed,low,0,1
160,10,16,engineering-2,engineering,employee,company-handbook,shared,public,read,managed,low,1,0
161,11,2,sales-1,sales,employee,engineering-code,engineering,confidential,read,managed,low,0,1
162,12,0,security-admin,security,admin,finance-payroll,finance,restricted,read,managed,low,1,0
163,13,20,sales-2,sales,employee,engineering-code,engineering,confidential,export,managed,low,1,1
164,14,14,engineering-2,engineering,employee,company-handbook,shared,public,read,managed,low,1,0
165,15,11,engineering-3,engineering,employee,finance-payroll,finance,restricted,read,managed,low,0,1
166,16,11,finance-2,finance,employee,sales-crm,sales,internal,read,managed,low,0,1
167,17,14,engineering-3,engineering,employee,sales-crm,sales,internal,read,managed,low,1,1
168,18,15,finance-3,finance,employee,engineering-code,engineering,confidential,read,managed,low,0,1
169,19,2,security-admin,security,admin,sales-crm,sales,internal,read,managed,low,1,0
170,20,8,engineering-1,engineering,employee,company-handbook,shared,public,export,unmanaged,low,1,0
171,21,1,sales-1,sales,employee,sales-crm,sales,internal,read,managed,low,1,0
172,22,2,build-service,engineering,service,engineering-code,engineering,confidential,read,managed,low,1,0
173,23,16,engineering-1,engineering,employee,finance-payroll,finance,restricted,read,unmanaged,low,0,1
174,24,4,security-admin,security,admin,sales-crm,sales,internal,read,managed,low,1,0
175,25,6,engineering-2,engineering,employee,company-handbook,shared,public,read,managed,low,1,0
176,26,22,build-service,engineering,service,sales-crm,sales,internal,export,managed,low,0,1
177,27,13,sales-3,sales,employee,sales-crm,sales,internal,read,unmanaged,low,1,1
178,28,3,engineering-1,engineering,employee,finance-payroll,finance,restricted,read,managed,low,0,1
179,29,3,engineering-1,engineering,employee,engineering-code,engineering,confidential,read,managed,low,1,0
180,30,4,report-service,sales,service,company-handbook,shared,public,read,managed,low,1,0
181,1,2,sales-3,sales,employee,finance-payroll,finance,restricted,export,managed,low,0,1
182,2,21,report-service,sales,service,company-handbook,shared,public,read,managed,low,1,0
183,3,11,engineering-1,engineering,employee,engineering-code,engineering,confidential,read,managed,low,1,0
184,4,11,build-service,engineering,service,sales-crm,sales,internal,read,managed,low,1,1
185,5,15,finance-1,finance,employee,finance-payroll,finance,restricted,read,managed,low,1,0
186,6,20,report-service,sales,service,sales-crm,sales,internal,read,managed,low,1,0
187,7,12,finance-1,finance,employee,company-handbook,shared,public,read,managed,low,1,0
188,8,5,build-service,engineering,service,company-handbook,shared,public,export,managed,low,1,0
189,9,4,report-service,sales,service,finance-payroll,finance,restricted,read,managed,low,1,1
190,10,10,engineering-1,engineering,employee,finance-payroll,finance,restricted,read,managed,low,0,1
191,11,16,security-admin,security,admin,company-handbook,shared,public,read,managed,low,1,0
192,12,1,engineering-3,engineering,employee,sales-crm,sales,internal,read,managed,low,1,1
193,13,0,report-service,sales,service,company-handbook,shared,public,read,managed,low,1,0
194,14,14,sales-3,sales,employee,finance-payroll,finance,restricted,read,managed,high,0,1
195,15,20,finance-2,finance,employee,company-handbook,shared,public,read,managed,low,1,0
196,16,17,sales-1,sales,employee,finance-payroll,finance,restricted,read,managed,low,0,1
197,17,22,sales-2,sales,employee,finance-payroll,finance,restricted,read,unmanaged,low,0,1
198,18,0,sales-1,sales,employee,finance-payroll,finance,restricted,read,managed,low,0,1
199,19,10,finance-3,finance,employee,sales-crm,sales,internal,read,managed,low,0,1
200,20,18,engineering-1,engineering,employee,sales-crm,sales,internal,read,managed,low,1,1
201,21,11,sales-3,sales,employee,engineering-code,engineering,confidential,read,managed,low,0,1
202,22,21,sales-2,sales,employee,sales-crm,sales,internal,read,managed,low,1,0
203,23,12,finance-1,finance,employee,company-handbook,shared,public,export,managed,low,1,0
204,24,7,sales-2,sales,employee,company-handbook,shared,public,read,managed,low,1,0
205,25,20,finance-1,finance,employee,sales-crm,sales,internal,read,managed,low,1,1
206,26,19,finance-1,finance,employee,sales-crm,sales,internal,read,managed,low,1,1
207,27,21,security-admin,security,admin,sales-crm,sales,internal,read,managed,low,1,0
208,28,18,sales-1,sales,employee,finance-payroll,finance,restricted,read,managed,low,0,1
209,29,9,sales-1,sales,employee,company-handbook,shared,public,read,managed,high,1,1
210,30,15,report-service,sales,service,finance-payroll,finance,restricted,read,managed,low,1,1
211,1,8,build-service,engineering,service,engineering-code,engineering,confidential,read,managed,high,1,1
212,2,8,finance-2,finance,employee,company-handbook,shared,public,export,managed,low,1,0
213,3,19,finance-3,finance,employee,company-handbook,shared,public,read,managed,low,1,0
214,4,8,engineering-3,engineering,employee,company-handbook,shared,public,export,managed,low,1,0
215,5,1,finance-3,finance,employee,finance-payroll,finance,restricted,read,managed,low,1,0
216,6,6,engineering-3,engineering,employee,finance-payroll,finance,restricted,read,managed,low,0,1
217,7,8,engineering-3,engineering,employee,engineering-code,engineering,confidential,read,managed,low,1,0
218,8,2,sales-3,sales,employee,engineering-code,engineering,confidential,read,managed,low,0,1
219,9,11,engineering-1,engineering,employee,sales-crm,sales,internal,read,managed,low,1,1
220,10,0,security-admin,security,admin,company-handbook,shared,public,read,managed,low,1,0
221,11,20,security-admin,security,admin,engineering-code,engineering,confidential,read,managed,low,1,0
222,12,17,security-admin,security,admin,finance-payroll,finance,restricted,read,managed,low,1,0
223,13,15,sales-1,sales,employee,finance-payroll,finance,restricted,read,managed,low,0,1
224,14,2,report-service,sales,service,company-handbook,shared,public,read,managed,low,1,0
225,15,0,engineering-3,engineering,employee,sales-crm,sales,internal,read,managed,low,1,1
226,16,17,report-service,sales,service,finance-payroll,finance,restricted,read,managed,low,1,1
227,17,13,finance-2,finance,employee,company-handbook,shared,public,read,managed,low,1,0
228,18,17,finance-2,finance,employee,sales-crm,sales,internal,read,managed,low,0,1
229,19,9,sales-2,sales,employee,finance-payroll,finance,restricted,read,managed,low,0,1
230,20,8,security-admin,security,admin,engineering-code,engineering,confidential,read,managed,low,1,0
231,21,4,sales-3,sales,employee,engineering-code,engineering,confidential,read,managed,low,0,1
232,22,9,sales-1,sales,employee,company-handbook,shared,public,read,managed,low,1,0
233,23,8,security-admin,security,admin,finance-payroll,finance,restricted,read,managed,low,1,0
234,24,10,sales-1,sales,employee,sales-crm,sales,internal,read,managed,low,1,0
235,25,12,finance-2,finance,employee,company-handbook,shared,public,read,managed,low,1,0
236,26,15,engineering-2,engineering,employee,engineering-code,engineering,confidential,read,managed,low,1,0
237,27,17,sales-2,sales,employee,company-handbook,shared,public,read,unmanaged,low,1,0
238,28,15,engineering-2,engineering,employee,sales-crm,sales,internal,read,managed,low,0,1
239,29,6,sales-1,sales,employee,engineering-code,engineering,confidential,read,managed,low,0,1
240,30,14,finance-1,finance,employee,sales-crm,sales,internal,read,managed,low,1,1
241,1,13,engineering-2,engineering,employee,sales-crm,sales,internal,read,managed,low,0,1
242,2,17,sales-1,sales,employee,sales-crm,sales,internal,read,managed,low,1,0
243,3,23,engineering-2,engineering,employee,finance-payroll,finance,restricted,read,managed,high,0,1
244,4,16,sales-1,sales,employee,finance-payroll,finance,restricted,read,managed,low,0,1
245,5,9,sales-2,sales,employee,finance-payroll,finance,restricted,read,managed,low,0,1
246,6,3,finance-1,finance,employee,engineering-code,engineering,confidential,read,managed,low,0,1
247,7,14,security-admin,security,admin,finance-payroll,finance,restricted,read,managed,low,1,0
248,8,12,finance-3,finance,employee,engineering-code,engineering,confidential,read,managed,low,0,1
249,9,10,finance-1,finance,employee,finance-payroll,finance,restricted,read,managed,low,1,0
250,10,19,engineering-3,engineering,employee,company-handbook,shared,public,read,managed,high,1,1
251,11,0,build-service,engineering,service,sales-crm,sales,internal,read,managed,low,1,1
252,12,22,finance-2,finance,employee,sales-crm,sales,internal,read,unmanaged,low,0,1
253,13,20,finance-1,finance,employee,sales-crm,sales,internal,read,managed,low,1,1
254,14,12,engineering-3,engineering,employee,engineering-code,engineering,confidential,read,managed,low,1,0
255,15,11,finance-1,finance,employee,finance-payroll,finance,restricted,read,managed,low,1,0
256,16,22,engineering-2,engineering,employee,finance-payroll,finance,restricted,read,managed,low,0,1
257,17,13,finance-2,finance,employee,finance-payroll,finance,restricted,read,managed,low,1,0
258,18,2,sales-1,sales,employee,engineering-code,engineering,confidential,read,managed,low,0,1
259,19,18,engineering-1,engineering,employee,company-handbook,shared,public,read,managed,low,1,0
260,20,11,build-service,engineering,service,sales-crm,sales,internal,read,unmanaged,low,1,1
261,21,6,engineering-2,engineering,employee,sales-crm,sales,internal,read,managed,low,0,1
262,22,20,sales-3,sales,employee,sales-crm,sales,internal,read,managed,low,1,0
263,23,13,engineering-2,engineering,employee,company-handbook,shared,public,read,managed,low,1,0
264,24,7,engineering-1,engineering,employee,sales-crm,sales,internal,read,managed,low,1,1
265,25,9,sales-2,sales,employee,sales-crm,sales,internal,read,managed,low,1,0
266,26,3,finance-1,finance,employee,company-handbook,shared,public,read,managed,low,1,0
267,27,0,sales-1,sales,employee,finance-payroll,finance,restricted,read,unmanaged,low,0,1
268,28,19,finance-2,finance,employee,engineering-code,engineering,confidential,read,managed,low,0,1
269,29,6,finance-1,finance,employee,company-handbook,shared,public,read,managed,low,1,0
270,30,8,sales-1,sales,employee,company-handbook,shared,public,read,managed,low,1,0
271,1,17,sales-1,sales,employee,finance-payroll,finance,restricted,read,managed,low,0,1
272,2,5,sales-2,sales,employee,company-handbook,shared,public,read,managed,low,1,0
273,3,16,finance-3,finance,employee,engineering-code,engineering,confidential,read,managed,low,0,1
274,4,11,engineering-2,engineering,employee,sales-crm,sales,internal,read,managed,low,0,1
275,5,13,security-admin,security,admin,company-handbook,shared,public,export,managed,low,1,0
276,6,23,finance-2,finance,employee,engineering-code,engineering,confidential,read,managed,low,0,1
277,7,13,finance-3,finance,employee,engineering-code,engineering,confidential,read,managed,low,0,1
278,8,4,report-service,sales,service,finance-payroll,finance,restricted,read,managed,high,1,1
279,9,8,sales-3,sales,employee,finance-payroll,finance,restricted,read,managed,low,0,1
280,10,23,engineering-2,engineering,employee,engineering-code,engineering,confidential,read,managed,low,1,0
281,11,17,finance-3,finance,employee,engineering-code,engineering,confidential,read,managed,low,0,1
282,12,0,report-service,sales,service,company-handbook,shared,public,read,managed,low,1,0
283,13,14,sales-1,sales,employee,sales-crm,sales,internal,read,managed,low,1,0
284,14,0,build-service,engineering,service,company-handbook,shared,public,read,managed,low,1,0
285,15,1,engineering-3,engineering,employee,finance-payroll,finance,restricted,export,managed,low,1,1
286,16,10,build-service,engineering,service,engineering-code,engineering,confidential,read,managed,high,1,1
287,17,23,sales-2,sales,employee,company-handbook,shared,public,read,managed,low,1,0
288,18,18,engineering-3,engineering,employee,engineering-code,engineering,confidential,export,managed,low,1,1
289,19,1,engineering-3,engineering,employee,engineering-code,engineering,confidential,export,managed,low,1,1
290,20,5,security-admin,security,admin,engineering-code,engineering,confidential,read,managed,low,1,0
291,21,1,sales-3,sales,employee,finance-payroll,finance,restricted,read,managed,low,0,1
292,22,13,engineering-2,engineering,employee,sales-crm,sales,internal,read,managed,low,0,1
293,23,10,report-service,sales,service,finance-payroll,finance,restricted,read,managed,low,1,1
294,24,19,sales-1,sales,employee,company-handbook,shared,public,read,managed,low,1,0
295,25,1,build-service,engineering,service,sales-crm,sales,internal,read,managed,low,1,1
296,26,23,sales-2,sales,employee,sales-crm,sales,internal,read,managed,low,1,0
297,27,11,security-admin,security,admin,sales-crm,sales,internal,read,managed,high,1,1
298,28,20,engineering-3,engineering,employee,finance-payroll,finance,restricted,read,managed,low,0,1
299,29,11,build-service,engineering,service,finance-payroll,finance,restricted,read,managed,low,0,1
300,30,3,security-admin,security,admin,finance-payroll,finance,restricted,read,managed,low,1,0
301,1,16,finance-1,finance,employee,sales-crm,sales,internal,read,managed,low,1,1
302,2,18,engineering-2,engineering,employee,engineering-code,engineering,confidential,read,managed,low,1,0
303,3,11,finance-1,finance,employee,company-handbook,shared,public,read,managed,low,1,0
304,4,17,finance-2,finance,employee,finance-payroll,finance,restricted,read,managed,low,1,0
305,5,12,report-service,sales,service,engineering-code,engineering,confidential,read,managed,low,0,1
306,6,13,finance-1,finance,employee,engineering-code,engineering,confidential,read,managed,low,0,1
307,7,1,sales-1,sales,employee,sales-crm,sales,internal,read,managed,low,1,0
308,8,19,engineering-2,engineering,employee,engineering-code,engineering,confidential,read,managed,low,1,0
309,9,15,build-service,engineering,service,sales-crm,sales,internal,read,managed,low,1,1
310,10,20,engineering-2,engineering,employee,engineering-code,engineering,confidential,read,managed,low,1,0
311,11,6,build-service,engineering,service,sales-crm,sales,internal,read,managed,low,1,1
312,12,16,finance-1,finance,employee,sales-crm,sales,internal,read,managed,low,1,1
313,13,16,finance-2,finance,employee,engineering-code,engineering,confidential,read,managed,low,0,1
314,14,8,finance-2,finance,employee,company-handbook,shared,public,read,managed,low,1,0
315,15,23,engineering-1,engineering,employee,finance-payroll,finance,restricted,export,managed,low,0,1
316,16,0,engineering-1,engineering,employee,finance-payroll,finance,restricted,read,managed,low,0,1
317,17,19,sales-3,sales,employee,sales-crm,sales,internal,read,managed,low,1,0
318,18,23,engineering-2,engineering,employee,engineering-code,engineering,confidential,read,managed,low,1,0
319,19,1,finance-1,finance,employee,finance-payroll,finance,restricted,read,managed,low,1,0
320,20,2,sales-2,sales,employee,sales-crm,sales,internal,read,managed,low,1,0
321,21,4,finance-3,finance,employee,company-handbook,shared,public,read,managed,low,1,0
322,22,16,finance-3,finance,employee,engineering-code,engineering,confidential,read,managed,low,0,1
323,23,13,engineering-1,engineering,employee,sales-crm,sales,internal,read,managed,low,1,1
324,24,1,build-service,engineering,service,sales-crm,sales,internal,read,managed,low,1,1
325,25,12,build-service,engineering,service,company-handbook,shared,public,read,managed,low,1,0
326,26,9,report-service,sales,service,sales-crm,sales,internal,read,managed,low,1,0
327,27,7,security-admin,security,admin,sales-crm,sales,internal,read,managed,low,1,0
328,28,5,engineering-1,engineering,employee,sales-crm,sales,internal,read,managed,low,1,1
329,29,13,finance-1,finance,employee,finance-payroll,finance,restricted,read,managed,low,1,0
330,30,11,engineering-3,engineering,employee,company-handbook,shared,public,read,unmanaged,low,1,0
331,1,0,engineering-1,engineering,employee,company-handbook,shared,public,read,managed,low,1,0
332,2,17,sales-1,sales,employee,finance-payroll,finance,restricted,read,managed,low,0,1
333,3,13,sales-2,sales,employee,finance-payroll,finance,restricted,read,managed,low,0,1
334,4,20,finance-2,finance,employee,sales-crm,sales,internal,read,managed,high,0,1
335,5,3,sales-1,sales,employee,company-handbook,shared,public,read,managed,low,1,0
336,6,17,finance-3,finance,employee,company-handbook,shared,public,read,managed,low,1,0
337,7,13,finance-2,finance,employee,sales-crm,sales,internal,read,managed,low,0,1
338,8,17,engineering-1,engineering,employee,engineering-code,engineering,confidential,read,managed,low,1,0
339,9,17,report-service,sales,service,sales-crm,sales,internal,read,managed,low,1,0
340,10,19,finance-3,finance,employee,sales-crm,sales,internal,export,managed,low,0,1
341,11,11,build-service,engineering,service,sales-crm,sales,internal,read,managed,low,1,1
342,12,3,engineering-1,engineering,employee,engineering-code,engineering,confidential,read,managed,low,1,0
343,13,19,build-service,engineering,service,finance-payroll,finance,restricted,read,managed,low,0,1
344,14,11,security-admin,security,admin,finance-payroll,finance,restricted,read,managed,low,1,0
345,15,17,report-service,sales,service,finance-payroll,finance,restricted,read,managed,low,1,1
346,16,19,engineering-1,engineering,employee,engineering-code,engineering,confidential,read,managed,low,1,0
347,17,17,report-service,sales,service,engineering-code,engineering,confidential,read,managed,low,0,1
348,18,2,sales-3,sales,employee,company-handbook,shared,public,read,managed,low,1,0
349,19,15,engineering-1,engineering,employee,finance-payroll,finance,restricted,read,managed,low,0,1
350,20,9,sales-1,sales,employee,sales-crm,sales,internal,export,managed,low,1,0
351,21,10,engineering-2,engineering,employee,sales-crm,sales,internal,read,managed,low,0,1
352,22,9,sales-2,sales,employee,engineering-code,engineering,confidential,read,managed,low,1,1
353,23,15,engineering-2,engineering,employee,sales-crm,sales,internal,read,managed,low,0,1
354,24,20,sales-2,sales,employee,sales-crm,sales,internal,read,managed,low,1,0
355,25,1,sales-2,sales,employee,company-handbook,shared,public,read,managed,low,1,0
356,26,22,security-admin,security,admin,engineering-code,engineering,confidential,read,managed,low,1,0
357,27,10,report-service,sales,service,finance-payroll,finance,restricted,read,managed,low,1,1
358,28,23,sales-1,sales,employee,finance-payroll,finance,restricted,read,managed,low,0,1
359,29,13,finance-3,finance,employee,company-handbook,shared,public,export,managed,low,1,0
360,30,1,finance-1,finance,employee,engineering-code,engineering,confidential,read,managed,low,0,1
361,1,2,report-service,sales,service,engineering-code,engineering,confidential,read,managed,low,0,1
362,2,10,sales-1,sales,employee,sales-crm,sales,internal,read,managed,low,1,0
363,3,20,engineering-3,engineering,employee,engineering-code,engineering,confidential,read,managed,low,1,0
364,4,23,sales-3,sales,employee,finance-payroll,finance,restricted,export,managed,low,0,1
365,5,11,engineering-3,engineering,employee,engineering-code,engineering,confidential,read,managed,low,1,0
366,6,19,finance-2,finance,employee,company-handbook,shared,public,read,managed,low,1,0
367,7,12,finance-1,finance,employee,sales-crm,sales,internal,read,managed,low,1,1
368,8,2,build-service,engineering,service,engineering-code,engineering,confidential,read,unmanaged,low,1,1
369,9,18,finance-1,finance,employee,company-handbook,shared,public,read,managed,low,1,0
370,10,7,security-admin,security,admin,company-handbook,shared,public,read,managed,low,1,0
371,11,1,sales-1,sales,employee,finance-payroll,finance,restricted,export,managed,low,1,1
372,12,21,finance-1,finance,employee,company-handbook,shared,public,export,managed,low,1,0
373,13,1,sales-3,sales,employee,sales-crm,sales,internal,read,managed,low,1,0
374,14,18,finance-2,finance,employee,finance-payroll,finance,restricted,read,managed,low,1,0
375,15,18,sales-1,sales,employee,sales-crm,sales,internal,read,managed,low,1,0
376,16,16,security-admin,security,admin,finance-payroll,finance,restricted,read,managed,low,1,0
377,17,19,engineering-1,engineering,employee,sales-crm,sales,internal,read,managed,low,1,1
378,18,5,build-service,engineering,service,company-handbook,shared,public,read,managed,low,1,0
379,19,13,sales-3,sales,employee,sales-crm,sales,internal,read,managed,low,1,0
380,20,14,security-admin,security,admin,engineering-code,engineering,confidential,read,managed,low,1,0
381,21,16,security-admin,security,admin,engineering-code,engineering,confidential,read,managed,low,1,0
382,22,15,engineering-1,engineering,employee,finance-payroll,finance,restricted,read,managed,low,0,1
383,23,13,engineering-3,engineering,employee,sales-crm,sales,internal,read,managed,low,1,1
384,24,23,report-service,sales,service,sales-crm,sales,internal,read,managed,low,1,0
385,25,15,finance-3,finance,employee,finance-payroll,finance,restricted,read,unmanaged,low,1,1
386,26,16,finance-3,finance,employee,finance-payroll,finance,restricted,read,managed,low,1,0
387,27,21,engineering-3,engineering,employee,company-handbook,shared,public,read,managed,low,1,0
388,28,16,engineering-2,engineering,employee,engineering-code,engineering,confidential,read,managed,low,1,0
389,29,8,finance-2,finance,employee,company-handbook,shared,public,read,unmanaged,low,1,0
390,30,8,engineering-3,engineering,employee,sales-crm,sales,internal,read,managed,low,1,1
391,1,16,finance-2,finance,employee,finance-payroll,finance,restricted,read,managed,low,1,0
392,2,12,finance-2,finance,employee,company-handbook,shared,public,export,unmanaged,low,1,0
393,3,5,engineering-2,engineering,employee,engineering-code,engineering,confidential,read,managed,low,1,0
394,4,1,sales-2,sales,employee,finance-payroll,finance,restricted,read,managed,low,0,1
395,5,9,finance-2,finance,employee,engineering-code,engineering,confidential,read,managed,low,0,1
396,6,16,finance-3,finance,employee,company-handbook,shared,public,read,unmanaged,low,1,0
397,7,12,sales-3,sales,employee,finance-payroll,finance,restricted,read,managed,low,0,1
398,8,9,engineering-3,engineering,employee,sales-crm,sales,internal,read,managed,low,1,1
399,9,19,engineering-2,engineering,employee,engineering-code,engineering,confidential,read,managed,low,1,0
400,10,22,finance-2,finance,employee,engineering-code,engineering,confidential,read,managed,low,0,1
401,11,19,engineering-1,engineering,employee,finance-payroll,finance,restricted,export,managed,low,0,1
402,12,6,engineering-3,engineering,employee,finance-payroll,finance,restricted,export,managed,low,1,1
403,13,21,sales-2,sales,employee,company-handbook,shared,public,read,managed,low,1,0
404,14,15,report-service,sales,service,finance-payroll,finance,restricted,read,managed,low,1,1
405,15,4,finance-3,finance,employee,company-handbook,shared,public,read,managed,low,1,0
406,16,22,engineering-1,engineering,employee,company-handbook,shared,public,read,managed,low,1,0
407,17,4,finance-2,finance,employee,finance-payroll,finance,restricted,read,managed,low,1,0
408,18,20,finance-1,finance,employee,sales-crm,sales,internal,read,managed,low,1,1
409,19,2,engineering-2,engineering,employee,sales-crm,sales,internal,read,managed,low,0,1
410,20,23,sales-3,sales,employee,finance-payroll,finance,restricted,read,managed,low,0,1
411,21,15,finance-3,finance,employee,engineering-code,engineering,confidential,read,managed,low,0,1
412,22,1,finance-3,finance,employee,company-handbook,shared,public,read,managed,low,1,0
413,23,2,build-service,engineering,service,finance-payroll,finance,restricted,read,unmanaged,low,0,1
414,24,6,sales-3,sales,employee,sales-crm,sales,internal,read,managed,low,1,0
415,25,20,report-service,sales,service,company-handbook,shared,public,read,managed,low,1,0
416,26,6,build-service,engineering,service,engineering-code,engineering,confidential,read,unmanaged,low,1,1
417,27,21,security-admin,security,admin,finance-payroll,finance,restricted,read,managed,low,1,0
418,28,19,build-service,engineering,service,sales-crm,sales,internal,read,managed,low,1,1
419,29,5,security-admin,security,admin,engineering-code,engineering,confidential,export,managed,low,1,1
420,30,0,engineering-2,engineering,employee,company-handbook,shared,public,read,managed,high,1,1
421,1,2,sales-3,sales,employee,finance-payroll,finance,restricted,read,managed,low,0,1
422,2,18,build-service,engineering,service,engineering-code,engineering,confidential,read,managed,low,1,0
423,3,5,build-service,engineering,service,company-handbook,shared,public,read,managed,low,1,0
424,4,8,sales-1,sales,employee,company-handbook,shared,public,read,managed,low,1,0
425,5,22,finance-1,finance,employee,company-handbook,shared,public,read,unmanaged,low,1,0
426,6,8,finance-2,finance,employee,finance-payroll,finance,restricted,read,managed,low,1,0
427,7,14,build-service,engineering,service,finance-payroll,finance,restricted,read,managed,high,0,1
428,8,15,engineering-2,engineering,employee,engineering-code,engineering,confidential,read,managed,low,1,0
429,9,23,security-admin,security,admin,sales-crm,sales,internal,read,managed,low,1,0
430,10,5,build-service,engineering,service,engineering-code,engineering,confidential,read,managed,low,1,0
431,11,11,finance-2,finance,employee,sales-crm,sales,internal,read,managed,low,0,1
432,12,9,finance-2,finance,employee,company-handbook,shared,public,read,managed,low,1,0
433,13,9,sales-2,sales,employee,finance-payroll,finance,restricted,read,managed,low,0,1
434,14,15,finance-1,finance,employee,sales-crm,sales,internal,read,managed,low,1,1
435,15,22,finance-3,finance,employee,company-handbook,shared,public,read,managed,low,1,0
436,16,23,build-service,engineering,service,engineering-code,engineering,confidential,read,managed,low,1,0
437,17,10,engineering-2,engineering,employee,company-handbook,shared,public,read,managed,low,1,0
438,18,20,build-service,engineering,service,company-handbook,shared,public,export,managed,low,1,0
439,19,10,sales-3,sales,employee,company-handbook,shared,public,read,managed,low,1,0
440,20,11,engineering-1,engineering,employee,sales-crm,sales,internal,read,managed,low,1,1
441,21,9,finance-1,finance,employee,company-handbook,shared,public,read,managed,low,1,0
442,22,11,sales-2,sales,employee,company-handbook,shared,public,export,unmanaged,low,1,0
443,23,9,build-service,engineering,service,company-handbook,shared,public,read,managed,low,1,0
444,24,9,sales-1,sales,employee,finance-payroll,finance,restricted,export,managed,low,1,1
445,25,9,engineering-3,engineering,employee,engineering-code,engineering,confidential,read,unmanaged,low,1,1
446,26,15,sales-3,sales,employee,engineering-code,engineering,confidential,read,managed,low,0,1
447,27,16,finance-3,finance,employee,sales-crm,sales,internal,read,managed,low,0,1
448,28,4,build-service,engineering,service,sales-crm,sales,internal,read,managed,low,1,1
449,29,14,finance-2,finance,employee,company-handbook,shared,public,read,managed,high,1,1
450,30,21,finance-1,finance,employee,finance-payroll,finance,restricted,read,managed,low,1,0
451,1,6,sales-2,sales,employee,sales-crm,sales,internal,read,managed,low,1,0
452,2,23,engineering-2,engineering,employee,finance-payroll,finance,restricted,read,managed,low,0,1
453,3,23,report-service,sales,service,finance-payroll,finance,restricted,read,unmanaged,low,1,1
454,4,1,finance-2,finance,employee,company-handbook,shared,public,read,managed,low,1,0
455,5,21,sales-1,sales,employee,company-handbook,shared,public,read,managed,low,1,0
456,6,4,security-admin,security,admin,engineering-code,engineering,confidential,read,managed,low,1,0
457,7,1,sales-1,sales,employee,sales-crm,sales,internal,read,managed,low,1,0
458,8,2,build-service,engineering,service,sales-crm,sales,internal,read,managed,low,1,1
459,9,11,engineering-2,engineering,employee,sales-crm,sales,internal,export,managed,low,1,1
460,10,2,build-service,engineering,service,finance-payroll,finance,restricted,read,unmanaged,low,0,1
461,11,22,engineering-1,engineering,employee,company-handbook,shared,public,read,managed,low,1,0
462,12,8,finance-3,finance,employee,finance-payroll,finance,restricted,read,managed,low,1,0
463,13,2,build-service,engineering,service,sales-crm,sales,internal,read,managed,low,1,1
464,14,10,finance-1,finance,employee,engineering-code,engineering,confidential,read,managed,high,0,1
465,15,11,sales-3,sales,employee,finance-payroll,finance,restricted,read,managed,low,0,1
466,16,8,finance-1,finance,employee,engineering-code,engineering,confidential,read,managed,low,0,1
467,17,6,sales-3,sales,employee,engineering-code,engineering,confidential,read,managed,low,0,1
468,18,5,engineering-3,engineering,employee,finance-payroll,finance,restricted,read,managed,low,0,1
469,19,21,sales-1,sales,employee,company-handbook,shared,public,read,unmanaged,low,1,0
470,20,22,engineering-3,engineering,employee,finance-payroll,finance,restricted,read,managed,low,0,1
471,21,18,engineering-1,engineering,employee,engineering-code,engineering,confidential,read,managed,low,1,0
472,22,19,engineering-2,engineering,employee,company-handbook,shared,public,read,managed,low,1,0
473,23,2,finance-2,finance,employee,finance-payroll,finance,restricted,read,managed,low,1,0
474,24,20,sales-2,sales,employee,engineering-code,engineering,confidential,read,managed,low,1,1
475,25,18,engineering-1,engineering,employee,sales-crm,sales,internal,read,managed,low,1,1
476,26,7,security-admin,security,admin,engineering-code,engineering,confidential,read,managed,low,1,0
477,27,21,engineering-3,engineering,employee,finance-payroll,finance,restricted,read,managed,low,0,1
478,28,14,engineering-3,engineering,employee,engineering-code,engineering,confidential,read,managed,low,1,0
479,29,0,sales-3,sales,employee,sales-crm,sales,internal,read,managed,low,1,0
480,30,4,finance-1,finance,employee,sales-crm,sales,internal,read,managed,low,1,1
481,1,7,engineering-3,engineering,employee,engineering-code,engineering,confidential,export,managed,low,1,1
482,2,7,report-service,sales,service,sales-crm,sales,internal,read,managed,low,1,0
483,3,12,engineering-3,engineering,employee,sales-crm,sales,internal,export,managed,low,0,1
484,4,23,sales-3,sales,employee,sales-crm,sales,internal,read,managed,low,1,0
485,5,10,report-service,sales,service,company-handbook,shared,public,read,managed,high,1,1
486,6,3,security-admin,security,admin,company-handbook,shared,public,export,managed,low,1,0
487,7,18,sales-1,sales,employee,sales-crm,sales,internal,read,managed,low,1,0
488,8,2,security-admin,security,admin,company-handbook,shared,public,read,managed,low,1,0
489,9,2,finance-3,finance,employee,finance-payroll,finance,restricted,read,managed,low,1,0
490,10,13,finance-2,finance,employee,company-handbook,shared,public,export,managed,high,1,1
491,11,20,finance-3,finance,employee,company-handbook,shared,public,read,managed,low,1,0
492,12,12,engineering-3,engineering,employee,engineering-code,engineering,confidential,read,managed,low,1,0
493,13,14,security-admin,security,admin,sales-crm,sales,internal,export,managed,high,1,1
494,14,14,finance-1,finance,employee,company-handbook,shared,public,export,managed,low,1,0
495,15,7,sales-2,sales,employee,sales-crm,sales,internal,read,managed,low,1,0
496,16,3,finance-3,finance,employee,engineering-code,engineering,confidential,read,managed,low,0,1
497,17,4,security-admin,security,admin,company-handbook,shared,public,read,managed,low,1,0
498,18,22,finance-3,finance,employee,sales-crm,sales,internal,read,managed,low,0,1
499,19,11,build-service,engineering,service,sales-crm,sales,internal,read,managed,low,1,1
500,20,3,sales-1,sales,employee,engineering-code,engineering,confidential,read,managed,low,0,1
501,21,13,build-service,engineering,service,company-handbook,shared,public,read,managed,low,1,0
502,22,13,engineering-3,engineering,employee,sales-crm,sales,internal,read,managed,low,1,1
503,23,8,finance-2,finance,employee,company-handbook,shared,public,read,managed,low,1,0
504,24,22,engineering-2,engineering,employee,engineering-code,engineering,confidential,read,managed,low,1,0
505,25,12,sales-3,sales,employee,finance-payroll,finance,restricted,read,managed,low,0,1
506,26,1,engineering-3,engineering,employee,engineering-code,engineering,confidential,read,unmanaged,low,1,1
507,27,21,finance-3,finance,employee,company-handbook,shared,public,read,managed,low,1,0
508,28,14,security-admin,security,admin,company-handbook,shared,public,read,managed,low,1,0
509,29,22,sales-3,sales,employee,engineering-code,engineering,confidential,read,managed,low,0,1
510,30,7,finance-2,finance,employee,sales-crm,sales,internal,read,managed,low,0,1
511,1,12,engineering-2,engineering,employee,engineering-code,engineering,confidential,read,managed,low,1,0
512,2,9,finance-2,finance,employee,company-handbook,shared,public,read,managed,high,1,1
513,3,9,build-service,engineering,service,engineering-code,engineering,confidential,read,managed,low,1,0
514,4,19,finance-1,finance,employee,finance-payroll,finance,restricted,read,managed,low,1,0
515,5,15,build-service,engineering,service,finance-payroll,finance,restricted,read,managed,low,0,1
516,6,22,engineering-2,engineering,employee,sales-crm,sales,internal,read,managed,low,0,1
517,7,6,finance-1,finance,employee,finance-payroll,finance,restricted,read,managed,low,1,0
518,8,20,sales-2,sales,employee,engineering-code,engineering,confidential,read,managed,low,1,1
519,9,14,sales-1,sales,employee,company-handbook,shared,public,read,managed,low,1,0
520,10,14,engineering-3,engineering,employee,engineering-code,engineering,confidential,read,managed,low,1,0
521,11,9,build-service,engineering,service,finance-payroll,finance,restricted,read,managed,low,0,1
522,12,19,security-admin,security,admin,company-handbook,shared,public,read,managed,low,1,0
523,13,11,finance-3,finance,employee,sales-crm,sales,internal,read,managed,low,0,1
524,14,7,sales-3,sales,employee,finance-payroll,finance,restricted,read,managed,low,0,1
525,15,14,sales-1,sales,employee,company-handbook,shared,public,read,managed,low,1,0
526,16,4,engineering-2,engineering,employee,finance-payroll,finance,restricted,read,unmanaged,low,0,1
527,17,18,finance-3,finance,employee,sales-crm,sales,internal,read,managed,low,0,1
528,18,12,sales-1,sales,employee,engineering-code,engineering,confidential,export,managed,low,0,1
529,19,1,engineering-3,engineering,employee,sales-crm,sales,internal,export,managed,low,0,1
530,20,16,finance-2,finance,employee,company-handbook,shared,public,read,managed,low,1,0
531,21,20,report-service,sales,service,company-handbook,shared,public,read,managed,low,1,0
532,22,12,finance-3,finance,employee,engineering-code,engineering,confidential,read,managed,low,0,1
533,23,14,finance-2,finance,employee,sales-crm,sales,internal,read,managed,low,0,1
534,24,7,sales-3,sales,employee,sales-crm,sales,internal,read,managed,low,1,0
535,25,13,sales-2,sales,employee,engineering-code,engineering,confidential,read,managed,low,1,1
536,26,19,security-admin,security,admin,finance-payroll,finance,restricted,read,unmanaged,low,1,1
537,27,15,finance-3,finance,employee,company-handbook,shared,public,read,unmanaged,low,1,0
538,28,8,finance-2,finance,employee,finance-payroll,finance,restricted,export,managed,low,1,1
539,29,9,engineering-1,engineering,employee,company-handbook,shared,public,read,managed,high,1,1
540,30,10,sales-2,sales,employee,company-handbook,shared,public,read,managed,low,1,0
541,1,6,finance-3,finance,employee,sales-crm,sales,internal,read,managed,low,0,1
542,2,11,sales-3,sales,employee,finance-payroll,finance,restricted,read,managed,low,0,1
543,3,12,finance-3,finance,employee,company-handbook,shared,public,read,managed,low,1,0
544,4,21,report-service,sales,service,engineering-code,engineering,confidential,read,managed,low,0,1
545,5,10,finance-1,finance,employee,company-handbook,shared,public,read,managed,low,1,0
546,6,8,build-service,engineering,service,finance-payroll,finance,restricted,read,managed,low,0,1
547,7,5,security-admin,security,admin,sales-crm,sales,internal,read,managed,low,1,0
548,8,5,build-service,engineering,service,sales-crm,sales,internal,read,managed,low,1,1
549,9,1,engineering-2,engineering,employee,finance-payroll,finance,restricted,read,managed,low,0,1
550,10,10,sales-2,sales,employee,company-handbook,shared,public,read,managed,low,1,0
551,11,17,finance-3,finance,employee,engineering-code,engineering,confidential,read,managed,low,0,1
552,12,11,finance-3,finance,employee,finance-payroll,finance,restricted,export,managed,low,1,1
553,13,8,engineering-2,engineering,employee,company-handbook,shared,public,read,managed,low,1,0
554,14,9,sales-2,sales,employee,sales-crm,sales,internal,read,managed,low,1,0
555,15,4,security-admin,security,admin,company-handbook,shared,public,read,managed,low,1,0
556,16,17,sales-1,sales,employee,sales-crm,sales,internal,export,managed,high,1,1
557,17,5,sales-1,sales,employee,company-handbook,shared,public,read,managed,low,1,0
558,18,22,engineering-3,engineering,employee,finance-payroll,finance,restricted,read,managed,low,0,1
559,19,16,report-service,sales,service,sales-crm,sales,internal,read,managed,low,1,0
560,20,4,report-service,sales,service,company-handbook,shared,public,export,managed,high,1,1
561,21,6,sales-1,sales,employee,engineering-code,engineering,confidential,read,managed,low,0,1
562,22,19,finance-3,finance,employee,sales-crm,sales,internal,read,unmanaged,low,0,1
563,23,20,engineering-1,engineering,employee,engineering-code,engineering,confidential,read,managed,high,1,1
564,24,0,security-admin,security,admin,company-handbook,shared,public,export,managed,low,1,0
565,25,11,report-service,sales,service,sales-crm,sales,internal,read,managed,low,1,0
566,26,16,finance-2,finance,employee,finance-payroll,finance,restricted,export,managed,low,1,1
567,27,1,engineering-2,engineering,employee,company-handbook,shared,public,read,managed,low,1,0
568,28,20,sales-3,sales,employee,finance-payroll,finance,restricted,read,managed,low,0,1
569,29,23,report-service,sales,service,engineering-code,engineering,confidential,read,managed,low,0,1
570,30,1,finance-3,finance,employee,finance-payroll,finance,restricted,read,managed,low,1,0
571,1,20,build-service,engineering,service,company-handbook,shared,public,read,managed,low,1,0
572,2,3,engineering-1,engineering,employee,engineering-code,engineering,confidential,read,managed,high,1,1
573,3,17,sales-2,sales,employee,sales-crm,sales,internal,read,managed,low,1,0
574,4,0,build-service,engineering,service,engineering-code,engineering,confidential,read,managed,low,1,0
575,5,7,engineering-3,engineering,employee,engineering-code,engineering,confidential,read,managed,low,1,0
576,6,1,sales-3,sales,employee,finance-payroll,finance,restricted,read,managed,high,0,1
577,7,22,sales-2,sales,employee,finance-payroll,finance,restricted,read,managed,low,0,1
578,8,15,report-service,sales,service,sales-crm,sales,internal,read,managed,high,1,1
579,9,22,sales-1,sales,employee,company-handbook,shared,public,read,managed,low,1,0
580,10,7,engineering-2,engineering,employee,sales-crm,sales,internal,read,managed,low,0,1
581,11,12,sales-2,sales,employee,company-handbook,shared,public,read,managed,low,1,0
582,12,6,build-service,engineering,service,engineering-code,engineering,confidential,read,managed,high,1,1
583,13,6,build-service,engineering,service,sales-crm,sales,internal,read,managed,low,1,1
584,14,0,sales-2,sales,employee,finance-payroll,finance,restricted,read,unmanaged,low,0,1
585,15,20,build-service,engineering,service,company-handbook,shared,public,read,unmanaged,low,1,0
586,16,20,engineering-2,engineering,employee,finance-payroll,finance,restricted,read,managed,low,0,1
587,17,8,sales-3,sales,employee,sales-crm,sales,internal,read,managed,low,1,0
588,18,5,finance-3,finance,employee,sales-crm,sales,internal,read,managed,low,0,1
589,19,2,finance-3,finance,employee,company-handbook,shared,public,read,managed,low,1,0
590,20,16,sales-2,sales,employee,finance-payroll,finance,restricted,read,managed,low,0,1
591,21,21,finance-3,finance,employee,finance-payroll,finance,restricted,read,managed,low,1,0
592,22,16,sales-2,sales,employee,sales-crm,sales,internal,read,managed,low,1,0
593,23,20,engineering-1,engineering,employee,sales-crm,sales,internal,read,managed,low,1,1
594,24,17,security-admin,security,admin,engineering-code,engineering,confidential,read,managed,low,1,0
595,25,10,security-admin,security,admin,finance-payroll,finance,restricted,read,managed,low,1,0
596,26,10,security-admin,security,admin,sales-crm,sales,internal,read,managed,low,1,0
597,27,15,sales-2,sales,employee,finance-payroll,finance,restricted,export,managed,low,0,1
598,28,3,engineering-1,engineering,employee,engineering-code,engineering,confidential,read,managed,low,1,0
599,29,21,finance-2,finance,employee,company-handbook,shared,public,read,managed,low,1,0
600,30,21,finance-3,finance,employee,finance-payroll,finance,restricted,export,unmanaged,low,1,1
601,1,15,finance-3,finance,employee,company-handbook,shared,public,read,managed,low,1,0
602,2,1,sales-2,sales,employee,engineering-code,engineering,confidential,export,unmanaged,high,1,1
603,3,10,finance-3,finance,employee,company-handbook,shared,public,read,managed,low,1,0
604,4,11,report-service,sales,service,engineering-code,engineering,confidential,read,managed,low,0,1
605,5,2,engineering-2,engineering,employee,company-handbook,shared,public,read,unmanaged,low,1,0
606,6,16,engineering-3,engineering,employee,finance-payroll,finance,restricted,read,unmanaged,low,0,1
607,7,20,sales-2,sales,employee,sales-crm,sales,internal,read,managed,low,1,0
608,8,18,report-service,sales,service,company-handbook,shared,public,read,managed,low,1,0
609,9,12,sales-2,sales,employee,company-handbook,shared,public,read,managed,low,1,0
610,10,10,finance-1,finance,employee,company-handbook,shared,public,read,managed,low,1,0
611,11,14,security-admin,security,admin,company-handbook,shared,public,read,unmanaged,low,1,0
612,12,13,engineering-1,engineering,employee,sales-crm,sales,internal,read,unmanaged,low,1,1
613,13,3,engineering-2,engineering,employee,company-handbook,shared,public,read,managed,low,1,0
614,14,11,engineering-3,engineering,employee,company-handbook,shared,public,read,managed,low,1,0
615,15,17,sales-2,sales,employee,finance-payroll,finance,restricted,read,managed,low,0,1
616,16,23,engineering-2,engineering,employee,finance-payroll,finance,restricted,read,unmanaged,low,0,1
617,17,14,finance-2,finance,employee,sales-crm,sales,internal,read,managed,low,0,1
618,18,13,sales-2,sales,employee,sales-crm,sales,internal,read,managed,low,1,0
619,19,3,finance-2,finance,employee,finance-payroll,finance,restricted,read,managed,low,1,0
620,20,11,finance-1,finance,employee,finance-payroll,finance,restricted,read,managed,low,1,0
621,21,21,engineering-2,engineering,employee,engineering-code,engineering,confidential,read,managed,low,1,0
622,22,9,sales-1,sales,employee,finance-payroll,finance,restricted,read,managed,low,0,1
623,23,11,finance-1,finance,employee,engineering-code,engineering,confidential,export,managed,low,0,1
624,24,1,build-service,engineering,service,finance-payroll,finance,restricted,read,managed,low,0,1
625,25,21,sales-1,sales,employee,engineering-code,engineering,confidential,read,managed,low,0,1
626,26,10,sales-1,sales,employee,finance-payroll,finance,restricted,read,managed,low,0,1
627,27,20,security-admin,security,admin,finance-payroll,finance,restricted,read,managed,low,1,0
628,28,14,security-admin,security,admin,company-handbook,shared,public,read,unmanaged,low,1,0
629,29,16,sales-2,sales,employee,sales-crm,sales,internal,read,managed,low,1,0
630,30,16,engineering-3,engineering,employee,sales-crm,sales,internal,read,managed,low,1,1
631,1,4,engineering-1,engineering,employee,company-handbook,shared,public,export,managed,low,1,0
632,2,8,sales-1,sales,employee,engineering-code,engineering,confidential,read,managed,low,0,1
633,3,10,finance-2,finance,employee,engineering-code,engineering,confidential,read,unmanaged,low,0,1
634,4,16,engineering-1,engineering,employee,finance-payroll,finance,restricted,read,managed,low,0,1
635,5,19,finance-3,finance,employee,engineering-code,engineering,confidential,read,managed,low,0,1
636,6,15,finance-1,finance,employee,company-handbook,shared,public,read,managed,low,1,0
637,7,15,engineering-1,engineering,employee,finance-payroll,finance,restricted,read,managed,low,0,1
638,8,10,build-service,engineering,service,company-handbook,shared,public,export,managed,low,1,0
639,9,15,security-admin,security,admin,engineering-code,engineering,confidential,read,unmanaged,low,1,1
640,10,22,report-service,sales,service,finance-payroll,finance,restricted,read,managed,low,1,1
641,11,9,security-admin,security,admin,finance-payroll,finance,restricted,read,managed,low,1,0
642,12,1,finance-2,finance,employee,company-handbook,shared,public,read,managed,low,1,0
643,13,2,sales-3,sales,employee,finance-payroll,finance,restricted,read,unmanaged,low,0,1
644,14,22,sales-3,sales,employee,company-handbook,shared,public,read,managed,low,1,0
645,15,12,sales-1,sales,employee,company-handbook,shared,public,read,managed,low,1,0
646,16,16,report-service,sales,service,finance-payroll,finance,restricted,read,managed,low,1,1
647,17,0,sales-3,sales,employee,company-handbook,shared,public,export,managed,low,1,0
648,18,21,sales-2,sales,employee,company-handbook,shared,public,read,managed,low,1,0
649,19,16,sales-1,sales,employee,finance-payroll,finance,restricted,read,managed,low,0,1
650,20,1,sales-2,sales,employee,company-handbook,shared,public,read,managed,low,1,0
651,21,17,finance-3,finance,employee,finance-payroll,finance,restricted,read,managed,low,1,0
652,22,17,sales-2,sales,employee,finance-payroll,finance,restricted,read,managed,low,0,1
653,23,6,report-service,sales,service,finance-payroll,finance,restricted,read,unmanaged,low,1,1
654,24,3,engineering-1,engineering,employee,company-handbook,shared,public,read,managed,low,1,0
655,25,5,sales-1,sales,employee,engineering-code,engineering,confidential,read,managed,low,0,1
656,26,3,finance-1,finance,employee,engineering-code,engineering,confidential,read,unmanaged,low,0,1
657,27,11,report-service,sales,service,sales-crm,sales,internal,read,managed,low,1,0
658,28,10,sales-2,sales,employee,finance-payroll,finance,restricted,read,managed,low,0,1
659,29,18,report-service,sales,service,sales-crm,sales,internal,export,managed,low,1,0
660,30,1,security-admin,security,admin,company-handbook,shared,public,read,managed,low,1,0
661,1,13,security-admin,security,admin,sales-crm,sales,internal,read,managed,low,1,0
662,2,4,sales-1,sales,employee,sales-crm,sales,internal,read,managed,low,1,0
663,3,9,finance-3,finance,employee,company-handbook,shared,public,read,managed,low,1,0
664,4,4,sales-2,sales,employee,finance-payroll,finance,restricted,export,unmanaged,high,0,1
665,5,17,sales-2,sales,employee,engineering-code,engineering,confidential,read,managed,low,1,1
666,6,11,finance-2,finance,employee,finance-payroll,finance,restricted,read,managed,low,1,0
667,7,10,build-service,engineering,service,finance-payroll,finance,restricted,read,managed,low,0,1
668,8,10,security-admin,security,admin,sales-crm,sales,internal,read,unmanaged,low,1,1
669,9,1,finance-1,finance,employee,sales-crm,sales,internal,read,managed,low,1,1
670,10,13,finance-3,finance,employee,finance-payroll,finance,restricted,read,managed,low,1,0
671,11,23,build-service,engineering,service,finance-payroll,finance,restricted,read,managed,low,0,1
672,12,18,report-service,sales,service,finance-payroll,finance,restricted,export,managed,low,0,1
673,13,5,finance-1,finance,employee,finance-payroll,finance,restricted,read,unmanaged,low,1,1
674,14,3,engineering-3,engineering,employee,company-handbook,shared,public,read,managed,low,1,0
675,15,12,sales-1,sales,employee,engineering-code,engineering,confidential,read,managed,low,0,1
676,16,10,finance-1,finance,employee,company-handbook,shared,public,read,managed,high,1,1
677,17,2,engineering-3,engineering,employee,company-handbook,shared,public,read,managed,low,1,0
678,18,6,finance-2,finance,employee,engineering-code,engineering,confidential,read,managed,low,0,1
679,19,12,security-admin,security,admin,company-handbook,shared,public,read,managed,high,1,1
680,20,6,finance-3,finance,employee,company-handbook,shared,public,read,managed,low,1,0
681,21,17,sales-1,sales,employee,engineering-code,engineering,confidential,read,managed,low,0,1
682,22,10,engineering-3,engineering,employee,finance-payroll,finance,restricted,read,managed,low,0,1
683,23,3,finance-1,finance,employee,finance-payroll,finance,restricted,read,managed,low,1,0
684,24,1,finance-3,finance,employee,sales-crm,sales,internal,read,managed,low,0,1
685,25,6,sales-2,sales,employee,company-handbook,shared,public,read,managed,low,1,0
686,26,8,engineering-1,engineering,employee,sales-crm,sales,internal,export,managed,low,0,1
687,27,12,finance-3,finance,employee,finance-payroll,finance,restricted,read,managed,low,1,0
688,28,21,security-admin,security,admin,sales-crm,sales,internal,read,unmanaged,low,1,1
689,29,22,engineering-1,engineering,employee,sales-crm,sales,internal,read,managed,low,1,1
690,30,3,report-service,sales,service,finance-payroll,finance,restricted,read,managed,low,1,1
691,1,7,sales-2,sales,employee,company-handbook,shared,public,read,managed,high,1,1
692,2,19,finance-3,finance,employee,sales-crm,sales,internal,read,managed,low,0,1
693,3,19,build-service,engineering,service,engineering-code,engineering,confidential,read,managed,low,1,0
694,4,8,finance-2,finance,employee,company-handbook,shared,public,read,managed,low,1,0
695,5,15,engineering-1,engineering,employee,finance-payroll,finance,restricted,read,managed,low,0,1
696,6,2,engineering-1,engineering,employee,company-handbook,shared,public,read,managed,low,1,0
697,7,10,security-admin,security,admin,company-handbook,shared,public,read,managed,high,1,1
698,8,1,engineering-3,engineering,employee,engineering-code,engineering,confidential,read,managed,low,1,0
699,9,19,report-service,sales,service,finance-payroll,finance,restricted,read,managed,low,1,1
700,10,20,security-admin,security,admin,company-handbook,shared,public,read,managed,low,1,0
701,11,16,finance-1,finance,employee,sales-crm,sales,internal,read,managed,low,1,1
702,12,22,engineering-3,engineering,employee,company-handbook,shared,public,read,managed,low,1,0
703,13,14,engineering-2,engineering,employee,finance-payroll,finance,restricted,read,managed,low,0,1
704,14,16,build-service,engineering,service,engineering-code,engineering,confidential,read,managed,low,1,0
705,15,1,security-admin,security,admin,sales-crm,sales,internal,read,unmanaged,high,1,1
706,16,15,build-service,engineering,service,engineering-code,engineering,confidential,read,managed,low,1,0
707,17,18,security-admin,security,admin,company-handbook,shared,public,read,managed,low,1,0
708,18,7,sales-2,sales,employee,sales-crm,sales,internal,export,managed,low,1,0
709,19,10,sales-2,sales,employee,finance-payroll,finance,restricted,read,unmanaged,low,0,1
710,20,15,engineering-3,engineering,employee,finance-payroll,finance,restricted,read,managed,low,0,1
711,21,18,finance-2,finance,employee,sales-crm,sales,internal,read,managed,low,0,1
712,22,20,engineering-1,engineering,employee,company-handbook,shared,public,read,managed,low,1,0
713,23,20,sales-3,sales,employee,sales-crm,sales,internal,read,unmanaged,low,1,1
714,24,5,finance-2,finance,employee,company-handbook,shared,public,read,managed,low,1,0
715,25,19,finance-1,finance,employee,finance-payroll,finance,restricted,read,managed,low,1,0
716,26,20,sales-3,sales,employee,finance-payroll,finance,restricted,read,managed,low,0,1
717,27,19,sales-2,sales,employee,company-handbook,shared,public,read,managed,low,1,0
718,28,21,engineering-2,engineering,employee,sales-crm,sales,internal,read,managed,low,0,1
719,29,8,finance-1,finance,employee,finance-payroll,finance,restricted,read,managed,low,1,0
720,30,23,sales-2,sales,employee,engineering-code,engineering,confidential,read,managed,low,1,1
721,1,8,engineering-1,engineering,employee,engineering-code,engineering,confidential,read,managed,low,1,0
722,2,19,build-service,engineering,service,sales-crm,sales,internal,read,managed,low,1,1
723,3,0,finance-1,finance,employee,engineering-code,engineering,confidential,read,managed,low,0,1
724,4,5,sales-3,sales,employee,sales-crm,sales,internal,read,managed,low,1,0
725,5,15,engineering-3,engineering,employee,company-handbook,shared,public,read,managed,high,1,1
726,6,23,security-admin,security,admin,company-handbook,shared,public,export,managed,high,1,1
727,7,13,engineering-1,engineering,employee,engineering-code,engineering,confidential,read,managed,high,1,1
728,8,2,sales-2,sales,employee,company-handbook,shared,public,read,unmanaged,low,1,0
729,9,15,sales-1,sales,employee,finance-payroll,finance,restricted,read,managed,low,0,1
730,10,21,build-service,engineering,service,company-handbook,shared,public,export,managed,low,1,0
731,11,9,finance-3,finance,employee,company-handbook,shared,public,read,managed,low,1,0
732,12,17,finance-3,finance,employee,finance-payroll,finance,restricted,read,unmanaged,low,1,1
733,13,22,sales-2,sales,employee,company-handbook,shared,public,read,managed,low,1,0
734,14,0,finance-2,finance,employee,finance-payroll,finance,restricted,read,managed,low,1,0
735,15,3,finance-3,finance,employee,finance-payroll,finance,restricted,read,managed,low,1,0
736,16,10,finance-2,finance,employee,engineering-code,engineering,confidential,export,managed,low,0,1
737,17,16,sales-3,sales,employee,sales-crm,sales,internal,read,managed,high,1,1
738,18,10,engineering-3,engineering,employee,finance-payroll,finance,restricted,read,managed,low,0,1
739,19,6,finance-2,finance,employee,finance-payroll,finance,restricted,read,managed,high,1,1
740,20,7,finance-1,finance,employee,sales-crm,sales,internal,read,managed,low,1,1
741,21,9,report-service,sales,service,engineering-code,engineering,confidential,read,managed,high,0,1
742,22,8,build-service,engineering,service,finance-payroll,finance,restricted,read,managed,low,0,1
743,23,19,report-service,sales,service,sales-crm,sales,internal,read,managed,low,1,0
744,24,15,finance-1,finance,employee,company-handbook,shared,public,read,managed,low,1,0
745,25,19,sales-1,sales,employee,company-handbook,shared,public,read,managed,low,1,0
746,26,23,engineering-3,engineering,employee,engineering-code,engineering,confidential,read,managed,low,1,0
747,27,20,engineering-2,engineering,employee,company-handbook,shared,public,read,managed,low,1,0
748,28,18,report-service,sales,service,sales-crm,sales,internal,read,managed,low,1,0
749,29,20,finance-3,finance,employee,finance-payroll,finance,restricted,read,managed,low,1,0
750,30,1,finance-3,finance,employee,engineering-code,engineering,confidential,read,managed,low,0,1
751,1,22,sales-1,sales,employee,company-handbook,shared,public,read,unmanaged,low,1,0
752,2,5,sales-3,sales,employee,engineering-code,engineering,confidential,read,managed,low,0,1
753,3,3,finance-1,finance,employee,sales-crm,sales,internal,read,managed,low,1,1
754,4,14,build-service,engineering,service,sales-crm,sales,internal,read,managed,low,1,1
755,5,10,finance-3,finance,employee,finance-payroll,finance,restricted,read,unmanaged,low,1,1
756,6,5,finance-2,finance,employee,engineering-code,engineering,confidential,read,managed,low,0,1
757,7,2,report-service,sales,service,sales-crm,sales,internal,export,managed,low,1,0
758,8,12,security-admin,security,admin,company-handbook,shared,public,read,managed,low,1,0
759,9,2,sales-2,sales,employee,engineering-code,engineering,confidential,read,managed,low,1,1
760,10,14,build-service,engineering,service,finance-payroll,finance,restricted,read,managed,low,0,1
761,11,2,security-admin,security,admin,sales-crm,sales,internal,read,managed,low,1,0
762,12,6,build-service,engineering,service,sales-crm,sales,internal,read,managed,low,1,1
763,13,8,finance-3,finance,employee,finance-payroll,finance,restricted,read,managed,low,1,0
764,14,15,engineering-3,engineering,employee,engineering-code,engineering,confidential,read,managed,high,1,1
765,15,21,build-service,engineering,service,finance-payroll,finance,restricted,read,managed,low,0,1
766,16,8,sales-2,sales,employee,sales-crm,sales,internal,read,managed,low,1,0
767,17,0,engineering-3,engineering,employee,finance-payroll,finance,restricted,read,managed,low,0,1
768,18,7,report-service,sales,service,sales-crm,sales,internal,read,managed,low,1,0
769,19,13,build-service,engineering,service,finance-payroll,finance,restricted,read,managed,low,0,1
770,20,9,build-service,engineering,service,sales-crm,sales,internal,read,managed,low,1,1
771,21,18,engineering-1,engineering,employee,finance-payroll,finance,restricted,read,managed,low,0,1
772,22,19,build-service,engineering,service,engineering-code,engineering,confidential,read,managed,low,1,0
773,23,18,engineering-2,engineering,employee,sales-crm,sales,internal,read,managed,low,0,1
774,24,22,finance-1,finance,employee,finance-payroll,finance,restricted,read,managed,low,1,0
775,25,19,finance-1,finance,employee,engineering-code,engineering,confidential,read,managed,low,0,1
776,26,1,finance-3,finance,employee,company-handbook,shared,public,read,managed,low,1,0
777,27,23,finance-1,finance,employee,sales-crm,sales,internal,read,managed,high,1,1
778,28,6,engineering-3,engineering,employee,finance-payroll,finance,restricted,export,managed,low,1,1
779,29,18,sales-2,sales,employee,sales-crm,sales,internal,read,unmanaged,low,1,1
780,30,5,finance-1,finance,employee,company-handbook,shared,public,read,managed,low,1,0
781,1,3,engineering-3,engineering,employee,engineering-code,engineering,confidential,read,managed,low,1,0
782,2,23,sales-3,sales,employee,engineering-code,engineering,confidential,read,managed,low,0,1
783,3,22,engineering-1,engineering,employee,finance-payroll,finance,restricted,export,managed,low,0,1
784,4,1,security-admin,security,admin,sales-crm,sales,internal,read,managed,low,1,0
785,5,1,report-service,sales,service,engineering-code,engineering,confidential,read,managed,low,0,1
786,6,10,security-admin,security,admin,company-handbook,shared,public,read,unmanaged,low,1,0
787,7,6,build-service,engineering,service,engineering-code,engineering,confidential,read,managed,low,1,0
788,8,16,finance-3,finance,employee,company-handbook,shared,public,read,managed,low,1,0
789,9,23,engineering-1,engineering,employee,engineering-code,engineering,confidential,export,managed,low,1,1
790,10,15,finance-2,finance,employee,company-handbook,shared,public,read,managed,high,1,1
791,11,9,engineering-2,engineering,employee,sales-crm,sales,internal,read,managed,low,0,1
792,12,9,engineering-3,engineering,employee,engineering-code,engineering,confidential,export,managed,low,1,1
793,13,9,finance-3,finance,employee,engineering-code,engineering,confidential,read,managed,low,0,1
794,14,0,build-service,engineering,service,finance-payroll,finance,restricted,read,managed,low,0,1
795,15,6,build-service,engineering,service,company-handbook,shared,public,read,managed,low,1,0
796,16,17,report-service,sales,service,company-handbook,shared,public,read,managed,low,1,0
797,17,5,build-service,engineering,service,finance-payroll,finance,restricted,read,unmanaged,low,0,1
798,18,20,sales-3,sales,employee,engineering-code,engineering,confidential,read,managed,low,0,1
799,19,2,sales-1,sales,employee,sales-crm,sales,internal,read,managed,low,1,0
800,20,23,engineering-2,engineering,employee,engineering-code,engineering,confidential,read,managed,low,1,0
801,21,13,sales-3,sales,employee,company-handbook,shared,public,read,managed,low,1,0
802,22,1,finance-1,finance,employee,finance-payroll,finance,restricted,read,managed,low,1,0
803,23,4,engineering-1,engineering,employee,sales-crm,sales,internal,read,managed,low,1,1
804,24,6,finance-1,finance,employee,company-handbook,shared,public,read,managed,low,1,0
805,25,16,engineering-2,engineering,employee,company-handbook,shared,public,read,managed,low,1,0
806,26,4,finance-3,finance,employee,sales-crm,sales,internal,read,managed,low,0,1
807,27,11,sales-3,sales,employee,sales-crm,sales,internal,read,managed,low,1,0
808,28,10,sales-3,sales,employee,finance-payroll,finance,restricted,read,managed,low,0,1
809,29,8,finance-1,finance,employee,engineering-code,engineering,confidential,read,managed,low,0,1
810,30,7,engineering-1,engineering,employee,finance-payroll,finance,restricted,read,unmanaged,low,0,1
811,1,21,finance-3,finance,employee,company-handbook,shared,public,read,managed,low,1,0
812,2,19,engineering-3,engineering,employee,sales-crm,sales,internal,read,managed,low,1,1
813,3,22,build-service,engineering,service,engineering-code,engineering,confidential,read,managed,low,1,0
814,4,14,sales-3,sales,employee,sales-crm,sales,internal,read,managed,low,1,0
815,5,19,finance-1,finance,employee,finance-payroll,finance,restricted,export,managed,low,1,1
816,6,2,report-service,sales,service,engineering-code,engineering,confidential,export,managed,low,0,1
817,7,13,finance-3,finance,employee,company-handbook,shared,public,read,managed,low,1,0
818,8,12,sales-1,sales,employee,engineering-code,engineering,confidential,export,managed,low,0,1
819,9,15,engineering-1,engineering,employee,finance-payroll,finance,restricted,export,managed,low,0,1
820,10,10,build-service,engineering,service,finance-payroll,finance,restricted,read,managed,low,0,1
821,11,14,security-admin,security,admin,engineering-code,engineering,confidential,read,unmanaged,low,1,1
822,12,3,engineering-3,engineering,employee,engineering-code,engineering,confidential,read,managed,low,1,0
823,13,1,sales-3,sales,employee,company-handbook,shared,public,read,managed,low,1,0
824,14,7,engineering-3,engineering,employee,company-handbook,shared,public,read,managed,low,1,0
825,15,0,engineering-3,engineering,employee,finance-payroll,finance,restricted,read,unmanaged,low,0,1
826,16,4,build-service,engineering,service,engineering-code,engineering,confidential,export,managed,low,1,1
827,17,6,report-service,sales,service,sales-crm,sales,internal,read,managed,low,1,0
828,18,19,engineering-1,engineering,employee,finance-payroll,finance,restricted,read,managed,low,0,1
829,19,15,finance-2,finance,employee,sales-crm,sales,internal,read,managed,low,0,1
830,20,11,finance-2,finance,employee,sales-crm,sales,internal,read,managed,low,0,1
831,21,22,sales-1,sales,employee,engineering-code,engineering,confidential,read,managed,low,0,1
832,22,9,engineering-2,engineering,employee,company-handbook,shared,public,read,managed,low,1,0
833,23,6,build-service,engineering,service,engineering-code,engineering,confidential,read,managed,low,1,0
834,24,12,engineering-1,engineering,employee,engineering-code,engineering,confidential,read,managed,low,1,0
835,25,12,engineering-3,engineering,employee,finance-payroll,finance,restricted,read,managed,low,0,1
836,26,15,sales-2,sales,employee,engineering-code,engineering,confidential,read,managed,low,1,1
837,27,15,engineering-3,engineering,employee,company-handbook,shared,public,read,managed,low,1,0
838,28,22,sales-3,sales,employee,sales-crm,sales,internal,read,managed,low,1,0
839,29,5,finance-1,finance,employee,company-handbook,shared,public,read,managed,low,1,0
840,30,16,finance-3,finance,employee,finance-payroll,finance,restricted,read,managed,low,1,0
841,1,3,finance-2,finance,employee,sales-crm,sales,internal,read,managed,low,0,1
842,2,9,engineering-1,engineering,employee,company-handbook,shared,public,read,managed,low,1,0
843,3,5,build-service,engineering,service,engineering-code,engineering,confidential,read,managed,low,1,0
844,4,0,sales-3,sales,employee,sales-crm,sales,internal,read,managed,low,1,0
845,5,21,finance-1,finance,employee,sales-crm,sales,internal,export,managed,low,0,1
846,6,6,engineering-2,engineering,employee,finance-payroll,finance,restricted,read,managed,high,0,1
847,7,12,engineering-2,engineering,employee,company-handbook,shared,public,read,managed,low,1,0
848,8,8,security-admin,security,admin,company-handbook,shared,public,read,managed,low,1,0
849,9,8,finance-2,finance,employee,sales-crm,sales,internal,read,managed,low,0,1
850,10,13,sales-2,sales,employee,engineering-code,engineering,confidential,export,managed,low,1,1
851,11,21,engineering-3,engineering,employee,engineering-code,engineering,confidential,read,managed,low,1,0
852,12,7,sales-3,sales,employee,sales-crm,sales,internal,read,managed,low,1,0
853,13,20,sales-2,sales,employee,sales-crm,sales,internal,read,managed,low,1,0
854,14,1,engineering-1,engineering,employee,company-handbook,shared,public,read,managed,low,1,0
855,15,2,sales-3,sales,employee,finance-payroll,finance,restricted,read,managed,low,0,1
856,16,7,sales-1,sales,employee,sales-crm,sales,internal,read,managed,high,1,1
857,17,19,sales-2,sales,employee,finance-payroll,finance,restricted,read,managed,low,0,1
858,18,2,engineering-1,engineering,employee,company-handbook,shared,public,read,managed,high,1,1
859,19,1,sales-2,sales,employee,finance-payroll,finance,restricted,export,managed,low,0,1
860,20,7,sales-3,sales,employee,company-handbook,shared,public,read,managed,low,1,0
861,21,9,engineering-3,engineering,employee,sales-crm,sales,internal,read,managed,low,1,1
862,22,20,sales-3,sales,employee,engineering-code,engineering,confidential,read,managed,low,0,1
863,23,2,finance-3,finance,employee,sales-crm,sales,internal,read,managed,low,0,1
864,24,8,sales-2,sales,employee,engineering-code,engineering,confidential,read,managed,low,1,1
865,25,9,sales-1,sales,employee,finance-payroll,finance,restricted,read,managed,low,0,1
866,26,21,finance-2,finance,employee,company-handbook,shared,public,read,managed,low,1,0
867,27,19,sales-3,sales,employee,sales-crm,sales,internal,read,managed,high,1,1
868,28,17,build-service,engineering,service,sales-crm,sales,internal,read,managed,high,1,1
869,29,21,sales-1,sales,employee,sales-crm,sales,internal,read,managed,low,1,0
870,30,6,sales-3,sales,employee,engineering-code,engineering,confidential,export,managed,low,0,1
871,1,23,finance-2,finance,employee,company-handbook,shared,public,read,managed,low,1,0
872,2,7,report-service,sales,service,engineering-code,engineering,confidential,read,managed,low,0,1
873,3,0,security-admin,security,admin,finance-payroll,finance,restricted,read,managed,high,1,1
874,4,23,finance-2,finance,employee,company-handbook,shared,public,read,managed,low,1,0
875,5,1,engineering-2,engineering,employee,engineering-code,engineering,confidential,export,managed,low,1,1
876,6,13,engineering-3,engineering,employee,company-handbook,shared,public,read,managed,low,1,0
877,7,2,sales-2,sales,employee,finance-payroll,finance,restricted,read,managed,low,0,1
878,8,11,security-admin,security,admin,finance-payroll,finance,restricted,read,managed,low,1,0
879,9,3,finance-1,finance,employee,sales-crm,sales,internal,read,unmanaged,low,1,1
880,10,22,engineering-1,engineering,employee,finance-payroll,finance,restricted,read,managed,low,0,1
881,11,11,sales-2,sales,employee,finance-payroll,finance,restricted,export,managed,low,0,1
882,12,18,sales-3,sales,employee,company-handbook,shared,public,read,managed,low,1,0
883,13,23,security-admin,security,admin,company-handbook,shared,public,export,managed,low,1,0
884,14,9,engineering-1,engineering,employee,engineering-code,engineering,confidential,read,managed,low,1,0
885,15,8,security-admin,security,admin,finance-payroll,finance,restricted,read,managed,low,1,0
886,16,22,sales-3,sales,employee,engineering-code,engineering,confidential,read,managed,low,0,1
887,17,19,sales-2,sales,employee,engineering-code,engineering,confidential,read,managed,low,1,1
888,18,7,finance-1,finance,employee,finance-payroll,finance,restricted,read,managed,low,1,0
889,19,11,sales-1,sales,employee,sales-crm,sales,internal,read,managed,low,1,0
890,20,10,sales-1,sales,employee,engineering-code,engineering,confidential,read,unmanaged,low,0,1
891,21,21,finance-3,finance,employee,sales-crm,sales,internal,read,managed,low,0,1
892,22,2,sales-2,sales,employee,finance-payroll,finance,restricted,read,managed,low,0,1
893,23,21,engineering-2,engineering,employee,finance-payroll,finance,restricted,read,managed,low,0,1
894,24,5,sales-1,sales,employee,sales-crm,sales,internal,read,managed,low,1,0
895,25,17,finance-3,finance,employee,finance-payroll,finance,restricted,read,managed,low,1,0
896,26,15,engineering-2,engineering,employee,finance-payroll,finance,restricted,export,managed,low,0,1
897,27,10,engineering-1,engineering,employee,company-handbook,shared,public,read,managed,low,1,0
898,28,21,sales-3,sales,employee,sales-crm,sales,internal,read,managed,low,1,0
899,29,19,finance-1,finance,employee,engineering-code,engineering,confidential,read,unmanaged,low,0,1
900,30,7,engineering-3,engineering,employee,finance-payroll,finance,restricted,read,managed,low,0,1
901,1,8,sales-2,sales,employee,engineering-code,engineering,confidential,read,managed,low,1,1
902,2,0,sales-2,sales,employee,engineering-code,engineering,confidential,read,managed,low,1,1
903,3,2,engineering-1,engineering,employee,finance-payroll,finance,restricted,read,managed,low,0,1
904,4,21,engineering-1,engineering,employee,sales-crm,sales,internal,read,managed,low,1,1
905,5,18,finance-1,finance,employee,company-handbook,shared,public,read,managed,low,1,0
906,6,1,sales-1,sales,employee,finance-payroll,finance,restricted,read,managed,low,0,1
907,7,15,sales-2,sales,employee,finance-payroll,finance,restricted,read,managed,high,0,1
908,8,1,engineering-3,engineering,employee,company-handbook,shared,public,read,managed,low,1,0
909,9,22,engineering-3,engineering,employee,company-handbook,shared,public,read,managed,low,1,0
910,10,23,build-service,engineering,service,engineering-code,engineering,confidential,read,managed,low,1,0
911,11,11,sales-3,sales,employee,company-handbook,shared,public,read,managed,low,1,0
912,12,13,security-admin,security,admin,finance-payroll,finance,restricted,read,managed,low,1,0
913,13,20,finance-1,finance,employee,finance-payroll,finance,restricted,export,managed,low,1,1
914,14,13,build-service,engineering,service,engineering-code,engineering,confidential,export,managed,low,1,1
915,15,14,finance-3,finance,employee,engineering-code,engineering,confidential,read,managed,low,0,1
916,16,13,sales-1,sales,employee,sales-crm,sales,internal,read,unmanaged,low,1,1
917,17,16,build-service,engineering,service,engineering-code,engineering,confidential,read,managed,low,1,0
918,18,15,finance-3,finance,employee,company-handbook,shared,public,read,managed,low,1,0
919,19,15,security-admin,security,admin,sales-crm,sales,internal,read,managed,low,1,0
920,20,15,engineering-1,engineering,employee,sales-crm,sales,internal,read,managed,low,1,1
921,21,6,security-admin,security,admin,sales-crm,sales,internal,export,managed,low,1,0
922,22,3,engineering-3,engineering,employee,company-handbook,shared,public,read,managed,low,1,0
923,23,8,sales-3,sales,employee,company-handbook,shared,public,read,managed,low,1,0
924,24,18,sales-2,sales,employee,company-handbook,shared,public,read,managed,low,1,0
925,25,15,sales-2,sales,employee,company-handbook,shared,public,read,managed,low,1,0
926,26,2,sales-2,sales,employee,company-handbook,shared,public,read,managed,low,1,0
927,27,21,build-service,engineering,service,engineering-code,engineering,confidential,read,managed,low,1,0
928,28,21,security-admin,security,admin,company-handbook,shared,public,read,managed,low,1,0
929,29,22,engineering-2,engineering,employee,company-handbook,shared,public,read,managed,low,1,0
930,30,23,report-service,sales,service,sales-crm,sales,internal,read,managed,low,1,0
931,1,18,security-admin,security,admin,sales-crm,sales,internal,read,managed,low,1,0
932,2,0,finance-3,finance,employee,finance-payroll,finance,restricted,export,managed,low,1,1
933,3,22,sales-3,sales,employee,engineering-code,engineering,confidential,export,unmanaged,low,0,1
934,4,17,security-admin,security,admin,sales-crm,sales,internal,read,managed,low,1,0
935,5,5,sales-3,sales,employee,finance-payroll,finance,restricted,read,managed,low,0,1
936,6,14,finance-1,finance,employee,finance-payroll,finance,restricted,read,managed,low,1,0
937,7,3,finance-2,finance,employee,company-handbook,shared,public,read,managed,low,1,0
938,8,4,sales-2,sales,employee,sales-crm,sales,internal,read,managed,low,1,0
939,9,11,sales-3,sales,employee,engineering-code,engineering,confidential,read,managed,low,0,1
940,10,8,report-service,sales,service,sales-crm,sales,internal,read,managed,low,1,0
941,11,10,security-admin,security,admin,company-handbook,shared,public,read,managed,low,1,0
942,12,11,sales-3,sales,employee,finance-payroll,finance,restricted,read,managed,low,0,1
943,13,9,sales-3,sales,employee,sales-crm,sales,internal,read,managed,low,1,0
944,14,20,finance-3,finance,employee,finance-payroll,finance,restricted,read,managed,low,1,0
945,15,6,sales-2,sales,employee,sales-crm,sales,internal,read,managed,low,1,0
946,16,6,engineering-3,engineering,employee,company-handbook,shared,public,read,managed,low,1,0
947,17,11,sales-2,sales,employee,sales-crm,sales,internal,read,managed,low,1,0
948,18,4,finance-2,finance,employee,sales-crm,sales,internal,read,managed,low,0,1
949,19,5,engineering-3,engineering,employee,finance-payroll,finance,restricted,read,managed,low,0,1
950,20,22,sales-3,sales,employee,finance-payroll,finance,restricted,read,managed,low,0,1
951,21,20,sales-2,sales,employee,sales-crm,sales,internal,read,managed,low,1,0
952,22,12,finance-1,finance,employee,company-handbook,shared,public,read,managed,low,1,0
953,23,13,sales-2,sales,employee,sales-crm,sales,internal,read,unmanaged,low,1,1
954,24,20,report-service,sales,service,sales-crm,sales,internal,read,managed,low,1,0
955,25,7,finance-1,finance,employee,finance-payroll,finance,restricted,read,managed,high,1,1
956,26,0,finance-2,finance,employee,company-handbook,shared,public,read,unmanaged,low,1,0
957,27,17,engineering-2,engineering,employee,finance-payroll,finance,restricted,read,managed,low,0,1
958,28,15,finance-3,finance,employee,company-handbook,shared,public,read,managed,low,1,0
959,29,4,build-service,engineering,service,company-handbook,shared,public,read,managed,low,1,0
960,30,6,security-admin,security,admin,engineering-code,engineering,confidential,read,unmanaged,low,1,1
961,1,0,finance-2,finance,employee,finance-payroll,finance,restricted,export,managed,low,1,1
962,2,4,build-service,engineering,service,engineering-code,engineering,confidential,read,managed,low,1,0
963,3,16,engineering-1,engineering,employee,engineering-code,engineering,confidential,read,managed,low,1,0
964,4,21,sales-3,sales,employee,engineering-code,engineering,confidential,read,managed,low,0,1
965,5,14,sales-1,sales,employee,finance-payroll,finance,restricted,read,managed,low,0,1
966,6,9,sales-3,sales,employee,sales-crm,sales,internal,read,managed,low,1,0
967,7,7,sales-1,sales,employee,engineering-code,engineering,confidential,read,managed,low,0,1
968,8,1,report-service,sales,service,company-handbook,shared,public,export,managed,low,1,0
969,9,19,report-service,sales,service,company-handbook,shared,public,read,managed,low,1,0
970,10,10,sales-2,sales,employee,sales-crm,sales,internal,read,managed,low,1,0
971,11,13,sales-2,sales,employee,finance-payroll,finance,restricted,read,managed,low,0,1
972,12,18,finance-1,finance,employee,engineering-code,engineering,confidential,export,managed,low,0,1
973,13,4,sales-3,sales,employee,finance-payroll,finance,restricted,read,managed,low,0,1
974,14,17,engineering-2,engineering,employee,sales-crm,sales,internal,read,unmanaged,low,0,1
975,15,10,sales-3,sales,employee,engineering-code,engineering,confidential,read,managed,low,0,1
976,16,18,finance-3,finance,employee,engineering-code,engineering,confidential,read,managed,low,0,1
977,17,4,engineering-1,engineering,employee,finance-payroll,finance,restricted,read,managed,low,0,1
978,18,8,finance-1,finance,employee,company-handbook,shared,public,read,unmanaged,low,1,0
979,19,16,report-service,sales,service,company-handbook,shared,public,read,managed,low,1,0
980,20,11,security-admin,security,admin,company-handbook,shared,public,read,unmanaged,low,1,0
981,21,13,sales-2,sales,employee,company-handbook,shared,public,read,managed,low,1,0
982,22,16,finance-3,finance,employee,company-handbook,shared,public,read,managed,low,1,0
983,23,10,report-service,sales,service,finance-payroll,finance,restricted,read,unmanaged,low,1,1
984,24,8,finance-3,finance,employee,finance-payroll,finance,restricted,read,unmanaged,low,1,1
985,25,19,report-service,sales,service,company-handbook,shared,public,read,managed,low,1,0
986,26,16,security-admin,security,admin,company-handbook,shared,public,read,managed,low,1,0
987,27,18,finance-1,finance,employee,company-handbook,shared,public,read,managed,low,1,0
988,28,3,finance-2,finance,employee,sales-crm,sales,internal,export,managed,high,1,1
989,29,4,engineering-3,engineering,employee,sales-crm,sales,internal,read,unmanaged,low,1,1
990,30,14,sales-2,sales,employee,finance-payroll,finance,restricted,read,managed,low,0,1
991,1,20,finance-3,finance,employee,finance-payroll,finance,restricted,read,managed,low,1,0
992,2,21,build-service,engineering,service,sales-crm,sales,internal,read,managed,low,1,1
993,3,18,engineering-3,engineering,employee,engineering-code,engineering,confidential,read,managed,low,1,0
994,4,7,finance-1,finance,employee,sales-crm,sales,internal,read,managed,high,1,1
995,5,15,finance-2,finance,employee,sales-crm,sales,internal,read,managed,low,0,1
996,6,11,finance-3,finance,employee,engineering-code,engineering,confidential,read,managed,low,0,1
997,7,7,finance-2,finance,employee,company-handbook,shared,public,read,managed,low,1,0
998,8,23,sales-1,sales,employee,finance-payroll,finance,restricted,read,managed,low,0,1
999,9,22,finance-2,finance,employee,sales-crm,sales,internal,read,managed,low,0,1
1000,10,14,engineering-1,engineering,employee,engineering-code,engineering,confidential,read,managed,low,1,0
1001,11,16,engineering-2,engineering,employee,finance-payroll,finance,restricted,read,managed,low,0,1
1002,12,21,sales-3,sales,employee,sales-crm,sales,internal,read,managed,low,1,0
1003,13,1,engineering-2,engineering,employee,sales-crm,sales,internal,read,managed,low,0,1
1004,14,17,engineering-1,engineering,employee,sales-crm,sales,internal,read,managed,low,1,1
1005,15,10,security-admin,security,admin,sales-crm,sales,internal,read,managed,low,1,0
1006,16,21,finance-1,finance,employee,company-handbook,shared,public,read,managed,low,1,0
1007,17,10,report-service,sales,service,engineering-code,engineering,confidential,read,managed,low,0,1
1008,18,9,sales-3,sales,employee,company-handbook,shared,public,read,managed,high,1,1
1009,19,21,sales-2,sales,employee,sales-crm,sales,internal,export,managed,low,1,0
1010,20,21,sales-2,sales,employee,company-handbook,shared,public,read,managed,low,1,0
1011,21,20,finance-1,finance,employee,engineering-code,engineering,confidential,read,managed,low,0,1
1012,22,22,engineering-3,engineering,employee,finance-payroll,finance,restricted,read,managed,low,0,1
1013,23,2,build-service,engineering,service,engineering-code,engineering,confidential,read,managed,low,1,0
1014,24,6,sales-3,sales,employee,finance-payroll,finance,restricted,read,managed,low,0,1
1015,25,0,finance-1,finance,employee,company-handbook,shared,public,read,managed,low,1,0
1016,26,12,report-service,sales,service,sales-crm,sales,internal,read,managed,low,1,0
1017,27,0,finance-2,finance,employee,engineering-code,engineering,confidential,export,managed,low,0,1
1018,28,6,sales-1,sales,employee,finance-payroll,finance,restricted,read,managed,low,0,1
1019,29,6,engineering-2,engineering,employee,company-handbook,shared,public,read,managed,low,1,0
1020,30,6,sales-1,sales,employee,sales-crm,sales,internal,read,managed,low,1,0
1021,1,8,security-admin,security,admin,sales-crm,sales,internal,read,managed,low,1,0
1022,2,0,finance-2,finance,employee,finance-payroll,finance,restricted,read,managed,low,1,0
1023,3,7,engineering-1,engineering,employee,company-handbook,shared,public,read,managed,low,1,0
1024,4,21,finance-3,finance,employee,finance-payroll,finance,restricted,read,managed,low,1,0
1025,5,19,sales-2,sales,employee,company-handbook,shared,public,read,managed,low,1,0
1026,6,15,finance-3,finance,employee,finance-payroll,finance,restricted,read,managed,low,1,0
1027,7,15,build-service,engineering,service,company-handbook,shared,public,read,managed,low,1,0
1028,8,16,engineering-2,engineering,employee,company-handbook,shared,public,read,unmanaged,low,1,0
1029,9,18,finance-2,finance,employee,finance-payroll,finance,restricted,export,managed,low,1,1
1030,10,0,build-service,engineering,service,engineering-code,engineering,confidential,export,unmanaged,low,1,1
1031,11,2,security-admin,security,admin,sales-crm,sales,internal,read,managed,low,1,0
1032,12,5,engineering-1,engineering,employee,finance-payroll,finance,restricted,read,managed,low,0,1
1033,13,20,sales-2,sales,employee,sales-crm,sales,internal,read,managed,low,1,0
1034,14,20,sales-1,sales,employee,finance-payroll,finance,restricted,read,managed,low,0,1
1035,15,11,engineering-1,engineering,employee,sales-crm,sales,internal,read,managed,low,1,1
1036,16,22,build-service,engineering,service,engineering-code,engineering,confidential,read,managed,low,1,0
1037,17,13,report-service,sales,service,sales-crm,sales,internal,read,managed,low,1,0
1038,18,22,finance-1,finance,employee,company-handbook,shared,public,read,unmanaged,low,1,0
1039,19,19,finance-3,finance,employee,sales-crm,sales,internal,export,managed,low,0,1
1040,20,13,engineering-1,engineering,employee,engineering-code,engineering,confidential,read,managed,low,1,0
1041,21,14,sales-1,sales,employee,sales-crm,sales,internal,read,managed,low,1,0
1042,22,23,engineering-1,engineering,employee,finance-payroll,finance,restricted,export,managed,low,0,1
1043,23,13,engineering-3,engineering,employee,engineering-code,engineering,confidential,read,unmanaged,low,1,1
1044,24,2,finance-2,finance,employee,engineering-code,engineering,confidential,read,managed,low,0,1
1045,25,10,engineering-1,engineering,employee,company-handbook,shared,public,read,managed,low,1,0
1046,26,10,report-service,sales,service,finance-payroll,finance,restricted,read,managed,low,1,1
1047,27,11,sales-1,sales,employee,sales-crm,sales,internal,read,managed,low,1,0
1048,28,9,report-service,sales,service,finance-payroll,finance,restricted,export,managed,low,0,1
1049,29,0,finance-3,finance,employee,company-handbook,shared,public,read,managed,low,1,0
1050,30,18,engineering-1,engineering,employee,sales-crm,sales,internal,read,managed,low,1,1
1051,1,8,sales-1,sales,employee,company-handbook,shared,public,read,managed,low,1,0
1052,2,4,engineering-2,engineering,employee,finance-payroll,finance,restricted,read,unmanaged,low,0,1
1053,3,21,sales-3,sales,employee,engineering-code,engineering,confidential,read,managed,low,0,1
1054,4,6,report-service,sales,service,finance-payroll,finance,restricted,read,managed,low,1,1
1055,5,17,finance-3,finance,employee,finance-payroll,finance,restricted,export,managed,low,1,1
1056,6,7,report-service,sales,service,sales-crm,sales,internal,read,managed,low,1,0
1057,7,5,sales-1,sales,employee,company-handbook,shared,public,read,managed,low,1,0
1058,8,17,engineering-2,engineering,employee,sales-crm,sales,internal,read,managed,low,0,1
1059,9,9,finance-2,finance,employee,company-handbook,shared,public,read,managed,low,1,0
1060,10,5,sales-2,sales,employee,sales-crm,sales,internal,read,managed,high,1,1
1061,11,0,finance-2,finance,employee,sales-crm,sales,internal,read,managed,low,0,1
1062,12,4,sales-3,sales,employee,company-handbook,shared,public,read,managed,low,1,0
1063,13,22,sales-1,sales,employee,company-handbook,shared,public,read,managed,low,1,0
1064,14,4,report-service,sales,service,company-handbook,shared,public,read,managed,low,1,0
1065,15,20,report-service,sales,service,sales-crm,sales,internal,read,managed,low,1,0
1066,16,16,sales-2,sales,employee,company-handbook,shared,public,read,managed,low,1,0
1067,17,7,engineering-2,engineering,employee,company-handbook,shared,public,read,managed,low,1,0
1068,18,3,sales-2,sales,employee,sales-crm,sales,internal,read,unmanaged,low,1,1
1069,19,13,engineering-2,engineering,employee,engineering-code,engineering,confidential,read,managed,low,1,0
1070,20,9,engineering-2,engineering,employee,engineering-code,engineering,confidential,read,managed,low,1,0
1071,21,15,security-admin,security,admin,finance-payroll,finance,restricted,read,managed,low,1,0
1072,22,16,finance-2,finance,employee,sales-crm,sales,internal,read,managed,low,0,1
1073,23,17,finance-1,finance,employee,finance-payroll,finance,restricted,read,unmanaged,low,1,1
1074,24,16,engineering-3,engineering,employee,sales-crm,sales,internal,read,managed,low,1,1
1075,25,8,engineering-3,engineering,employee,company-handbook,shared,public,export,managed,low,1,0
1076,26,6,engineering-3,engineering,employee,sales-crm,sales,internal,read,managed,low,1,1
1077,27,2,sales-3,sales,employee,engineering-code,engineering,confidential,read,managed,low,0,1
1078,28,19,finance-1,finance,employee,finance-payroll,finance,restricted,read,managed,low,1,0
1079,29,23,security-admin,security,admin,engineering-code,engineering,confidential,read,managed,low,1,0
1080,30,18,build-service,engineering,service,company-handbook,shared,public,read,managed,high,1,1
1081,1,0,sales-2,sales,employee,sales-crm,sales,internal,read,managed,low,1,0
1082,2,17,finance-1,finance,employee,company-handbook,shared,public,read,managed,low,1,0
1083,3,13,sales-2,sales,employee,company-handbook,shared,public,export,managed,low,1,0
1084,4,4,security-admin,security,admin,sales-crm,sales,internal,read,unmanaged,low,1,1
1085,5,23,build-service,engineering,service,sales-crm,sales,internal,read,managed,low,1,1
1086,6,14,sales-1,sales,employee,engineering-code,engineering,confidential,read,managed,high,0,1
1087,7,5,engineering-2,engineering,employee,company-handbook,shared,public,export,managed,low,1,0
1088,8,14,sales-1,sales,employee,sales-crm,sales,internal,read,managed,low,1,0
1089,9,18,finance-3,finance,employee,sales-crm,sales,internal,read,managed,low,0,1
1090,10,15,finance-2,finance,employee,company-handbook,shared,public,read,managed,low,1,0
1091,11,9,engineering-1,engineering,employee,company-handbook,shared,public,read,managed,low,1,0
1092,12,0,sales-2,sales,employee,finance-payroll,finance,restricted,read,managed,low,0,1
1093,13,7,engineering-2,engineering,employee,sales-crm,sales,internal,read,managed,low,0,1
1094,14,16,engineering-2,engineering,employee,finance-payroll,finance,restricted,read,managed,low,0,1
1095,15,12,sales-2,sales,employee,sales-crm,sales,internal,read,managed,low,1,0
1096,16,0,security-admin,security,admin,sales-crm,sales,internal,read,managed,low,1,0
1097,17,5,finance-1,finance,employee,finance-payroll,finance,restricted,read,managed,low,1,0
1098,18,14,report-service,sales,service,engineering-code,engineering,confidential,read,managed,low,0,1
1099,19,22,finance-2,finance,employee,engineering-code,engineering,confidential,read,managed,low,0,1
1100,20,1,security-admin,security,admin,sales-crm,sales,internal,export,managed,low,1,0
1101,21,14,finance-2,finance,employee,engineering-code,engineering,confidential,read,managed,low,0,1
1102,22,15,sales-3,sales,employee,finance-payroll,finance,restricted,export,managed,low,0,1
1103,23,23,engineering-3,engineering,employee,engineering-code,engineering,confidential,read,managed,low,1,0
1104,24,10,build-service,engineering,service,company-handbook,shared,public,read,managed,low,1,0
1105,25,23,finance-3,finance,employee,sales-crm,sales,internal,read,managed,high,0,1
1106,26,14,engineering-1,engineering,employee,engineering-code,engineering,confidential,read,managed,low,1,0
1107,27,5,engineering-2,engineering,employee,engineering-code,engineering,confidential,read,managed,low,1,0
1108,28,10,sales-2,sales,employee,company-handbook,shared,public,read,managed,high,1,1
1109,29,3,sales-3,sales,employee,sales-crm,sales,internal,read,managed,low,1,0
1110,30,16,finance-1,finance,employee,engineering-code,engineering,confidential,read,managed,low,0,1
1111,1,20,finance-2,finance,employee,engineering-code,engineering,confidential,read,managed,low,0,1
1112,2,10,finance-3,finance,employee,company-handbook,shared,public,read,managed,low,1,0
1113,3,3,finance-2,finance,employee,finance-payroll,finance,restricted,read,managed,high,1,1
1114,4,23,finance-1,finance,employee,company-handbook,shared,public,read,managed,low,1,0
1115,5,1,sales-1,sales,employee,sales-crm,sales,internal,read,managed,low,1,0
1116,6,15,finance-1,finance,employee,finance-payroll,finance,restricted,read,managed,low,1,0
1117,7,17,build-service,engineering,service,sales-crm,sales,internal,read,managed,low,1,1
1118,8,8,engineering-2,engineering,employee,engineering-code,engineering,confidential,read,managed,low,1,0
1119,9,18,build-service,engineering,service,sales-crm,sales,internal,read,managed,low,1,1
1120,10,20,sales-2,sales,employee,finance-payroll,finance,restricted,read,unmanaged,high,0,1
1121,11,5,sales-2,sales,employee,engineering-code,engineering,confidential,read,unmanaged,low,1,1
1122,12,14,finance-1,finance,employee,engineering-code,engineering,confidential,read,managed,high,0,1
1123,13,2,sales-1,sales,employee,sales-crm,sales,internal,read,managed,low,1,0
1124,14,2,engineering-1,engineering,employee,sales-crm,sales,internal,read,managed,low,1,1
1125,15,4,sales-3,sales,employee,engineering-code,engineering,confidential,read,managed,low,0,1
1126,16,15,build-service,engineering,service,sales-crm,sales,internal,read,managed,low,1,1
1127,17,4,security-admin,security,admin,finance-payroll,finance,restricted,read,managed,low,1,0
1128,18,2,finance-2,finance,employee,sales-crm,sales,internal,export,managed,low,1,1
1129,19,16,engineering-1,engineering,employee,finance-payroll,finance,restricted,read,managed,low,0,1
1130,20,1,sales-2,sales,employee,sales-crm,sales,internal,read,managed,low,1,0
1131,21,17,finance-2,finance,employee,finance-payroll,finance,restricted,read,unmanaged,low,1,1
1132,22,19,sales-2,sales,employee,finance-payroll,finance,restricted,read,managed,low,0,1
1133,23,13,engineering-2,engineering,employee,finance-payroll,finance,restricted,read,managed,low,0,1
1134,24,21,finance-2,finance,employee,finance-payroll,finance,restricted,read,managed,low,1,0
1135,25,17,engineering-3,engineering,employee,company-handbook,shared,public,read,unmanaged,low,1,0
1136,26,9,report-service,sales,service,company-handbook,shared,public,read,managed,low,1,0
1137,27,4,security-admin,security,admin,sales-crm,sales,internal,export,managed,low,1,0
1138,28,1,sales-2,sales,employee,engineering-code,engineering,confidential,read,managed,low,1,1
1139,29,12,report-service,sales,service,finance-payroll,finance,restricted,read,managed,low,1,1
1140,30,13,engineering-3,engineering,employee,finance-payroll,finance,restricted,read,managed,low,0,1
1141,1,14,sales-2,sales,employee,company-handbook,shared,public,read,managed,low,1,0
1142,2,0,security-admin,security,admin,company-handbook,shared,public,export,managed,low,1,0
1143,3,16,finance-3,finance,employee,finance-payroll,finance,restricted,read,managed,low,1,0
1144,4,0,engineering-3,engineering,employee,company-handbook,shared,public,read,managed,low,1,0
1145,5,11,security-admin,security,admin,company-handbook,shared,public,read,managed,low,1,0
1146,6,15,finance-3,finance,employee,sales-crm,sales,internal,read,managed,low,0,1
1147,7,16,finance-3,finance,employee,sales-crm,sales,internal,read,managed,low,0,1
1148,8,14,engineering-2,engineering,employee,sales-crm,sales,internal,read,managed,low,0,1
1149,9,5,engineering-2,engineering,employee,engineering-code,engineering,confidential,read,managed,high,1,1
1150,10,14,build-service,engineering,service,engineering-code,engineering,confidential,read,managed,low,1,0
1151,11,12,report-service,sales,service,engineering-code,engineering,confidential,read,managed,high,0,1
1152,12,0,engineering-2,engineering,employee,finance-payroll,finance,restricted,read,managed,low,0,1
1153,13,3,security-admin,security,admin,company-handbook,shared,public,export,managed,low,1,0
1154,14,23,sales-1,sales,employee,engineering-code,engineering,confidential,read,managed,low,0,1
1155,15,18,engineering-1,engineering,employee,company-handbook,shared,public,read,managed,low,1,0
1156,16,21,sales-1,sales,employee,finance-payroll,finance,restricted,read,managed,low,0,1
1157,17,19,sales-2,sales,employee,sales-crm,sales,internal,read,unmanaged,low,1,1
1158,18,17,security-admin,security,admin,engineering-code,engineering,confidential,read,managed,low,1,0
1159,19,16,report-service,sales,service,finance-payroll,finance,restricted,read,unmanaged,low,1,1
1160,20,3,engineering-2,engineering,employee,company-handbook,shared,public,read,managed,low,1,0
1161,21,11,engineering-1,engineering,employee,sales-crm,sales,internal,read,managed,low,1,1
1162,22,10,security-admin,security,admin,sales-crm,sales,internal,read,managed,low,1,0
1163,23,19,engineering-1,engineering,employee,company-handbook,shared,public,read,managed,low,1,0
1164,24,2,report-service,sales,service,company-handbook,shared,public,read,managed,low,1,0
1165,25,0,security-admin,security,admin,engineering-code,engineering,confidential,read,managed,low,1,0
1166,26,16,security-admin,security,admin,sales-crm,sales,internal,read,managed,low,1,0
1167,27,13,finance-3,finance,employee,company-handbook,shared,public,read,unmanaged,low,1,0
1168,28,16,sales-3,sales,employee,sales-crm,sales,internal,read,managed,low,1,0
1169,29,16,sales-2,sales,employee,engineering-code,engineering,confidential,read,managed,low,1,1
1170,30,22,finance-2,finance,employee,sales-crm,sales,internal,read,managed,low,0,1
1171,1,11,finance-3,finance,employee,company-handbook,shared,public,read,managed,low,1,0
1172,2,3,build-service,engineering,service,engineering-code,engineering,confidential,read,managed,low,1,0
1173,3,0,sales-3,sales,employee,sales-crm,sales,internal,read,managed,low,1,0
1174,4,6,finance-3,finance,employee,sales-crm,sales,internal,read,managed,low,0,1
1175,5,15,build-service,engineering,service,engineering-code,engineering,confidential,export,managed,low,1,1
1176,6,21,engineering-1,engineering,employee,company-handbook,shared,public,read,managed,low,1,0
1177,7,20,security-admin,security,admin,company-handbook,shared,public,read,managed,low,1,0
1178,8,23,finance-3,finance,employee,finance-payroll,finance,restricted,export,managed,low,1,1
1179,9,19,engineering-3,engineering,employee,finance-payroll,finance,restricted,read,unmanaged,low,0,1
1180,10,10,build-service,engineering,service,sales-crm,sales,internal,read,unmanaged,low,1,1
1181,11,23,engineering-1,engineering,employee,engineering-code,engineering,confidential,read,managed,low,1,0
1182,12,15,engineering-1,engineering,employee,sales-crm,sales,internal,read,managed,low,1,1
1183,13,8,build-service,engineering,service,company-handbook,shared,public,read,managed,low,1,0
1184,14,18,sales-2,sales,employee,finance-payroll,finance,restricted,read,managed,low,0,1
1185,15,21,sales-3,sales,employee,engineering-code,engineering,confidential,export,managed,low,0,1
1186,16,0,sales-2,sales,employee,engineering-code,engineering,confidential,read,unmanaged,low,1,1
1187,17,12,finance-1,finance,employee,sales-crm,sales,internal,read,managed,high,1,1
1188,18,13,engineering-2,engineering,employee,company-handbook,shared,public,read,managed,low,1,0
1189,19,8,finance-2,finance,employee,company-handbook,shared,public,read,managed,low,1,0
1190,20,4,finance-2,finance,employee,sales-crm,sales,internal,read,managed,low,0,1
1191,21,11,engineering-3,engineering,employee,finance-payroll,finance,restricted,read,managed,low,0,1
1192,22,8,report-service,sales,service,finance-payroll,finance,restricted,read,managed,low,1,1
1193,23,20,engineering-3,engineering,employee,sales-crm,sales,internal,read,managed,low,1,1
1194,24,9,report-service,sales,service,engineering-code,engineering,confidential,read,managed,low,0,1
1195,25,6,engineering-3,engineering,employee,finance-payroll,finance,restricted,read,unmanaged,low,0,1
1196,26,10,engineering-2,engineering,employee,company-handbook,shared,public,read,managed,low,1,0
1197,27,0,sales-3,sales,employee,sales-crm,sales,internal,export,managed,low,1,0
1198,28,9,finance-1,finance,employee,sales-crm,sales,internal,read,managed,low,1,1
1199,29,0,finance-3,finance,employee,company-handbook,shared,public,read,unmanaged,low,1,0
1200,30,19,finance-3,finance,employee,engineering-code,engineering,confidential,read,unmanaged,low,0,1
1201,1,23,engineering-3,engineering,employee,sales-crm,sales,internal,read,managed,low,1,1
1202,2,15,engineering-1,engineering,employee,finance-payroll,finance,restricted,read,managed,low,0,1
1203,3,21,finance-1,finance,employee,finance-payroll,finance,restricted,read,managed,low,1,0
1204,4,0,engineering-2,engineering,employee,finance-payroll,finance,restricted,read,managed,low,0,1
1205,5,21,sales-3,sales,employee,company-handbook,shared,public,read,managed,low,1,0
1206,6,14,engineering-1,engineering,employee,finance-payroll,finance,restricted,read,managed,low,0,1
1207,7,10,engineering-2,engineering,employee,sales-crm,sales,internal,read,managed,low,0,1
1208,8,5,sales-3,sales,employee,company-handbook,shared,public,read,managed,low,1,0
1209,9,2,report-service,sales,service,finance-payroll,finance,restricted,read,managed,high,1,1
1210,10,6,build-service,engineering,service,finance-payroll,finance,restricted,read,managed,low,0,1
1211,11,14,engineering-2,engineering,employee,engineering-code,engineering,confidential,read,managed,low,1,0
1212,12,8,build-service,engineering,service,sales-crm,sales,internal,read,managed,low,1,1
1213,13,14,sales-1,sales,employee,sales-crm,sales,internal,read,managed,low,1,0
1214,14,14,finance-3,finance,employee,finance-payroll,finance,restricted,read,managed,low,1,0
1215,15,23,finance-2,finance,employee,company-handbook,shared,public,export,managed,low,1,0
1216,16,21,security-admin,security,admin,engineering-code,engineering,confidential,export,managed,low,1,1
1217,17,14,engineering-3,engineering,employee,sales-crm,sales,internal,read,managed,low,1,1
1218,18,14,security-admin,security,admin,company-handbook,shared,public,read,managed,low,1,0
1219,19,17,build-service,engineering,service,finance-payroll,finance,restricted,read,unmanaged,low,0,1
1220,20,19,build-service,engineering,service,engineering-code,engineering,confidential,read,managed,low,1,0
1221,21,23,engineering-1,engineering,employee,sales-crm,sales,internal,export,managed,low,0,1
1222,22,2,finance-3,finance,employee,engineering-code,engineering,confidential,read,managed,low,0,1
1223,23,9,report-service,sales,service,sales-crm,sales,internal,read,managed,low,1,0
1224,24,23,finance-1,finance,employee,company-handbook,shared,public,read,managed,low,1,0
1225,25,12,engineering-2,engineering,employee,company-handbook,shared,public,read,managed,low,1,0
1226,26,13,security-admin,security,admin,engineering-code,engineering,confidential,read,unmanaged,low,1,1
1227,27,2,engineering-2,engineering,employee,sales-crm,sales,internal,export,managed,low,1,1
1228,28,17,finance-3,finance,employee,finance-payroll,finance,restricted,read,managed,low,1,0
1229,29,12,sales-2,sales,employee,company-handbook,shared,public,read,managed,high,1,1
1230,30,17,build-service,engineering,service,engineering-code,engineering,confidential,read,managed,low,1,0
1231,1,12,engineering-2,engineering,employee,finance-payroll,finance,restricted,export,managed,low,0,1
1232,2,20,engineering-3,engineering,employee,sales-crm,sales,internal,read,managed,low,1,1
1233,3,12,engineering-3,engineering,employee,sales-crm,sales,internal,read,managed,low,1,1
1234,4,14,finance-2,finance,employee,engineering-code,engineering,confidential,read,managed,low,0,1
1235,5,7,finance-3,finance,employee,engineering-code,engineering,confidential,read,managed,low,0,1
1236,6,1,sales-1,sales,employee,engineering-code,engineering,confidential,read,managed,low,0,1
1237,7,16,engineering-2,engineering,employee,company-handbook,shared,public,read,managed,low,1,0
1238,8,13,security-admin,security,admin,finance-payroll,finance,restricted,read,managed,low,1,0
1239,9,13,sales-2,sales,employee,engineering-code,engineering,confidential,read,managed,low,1,1
1240,10,10,sales-2,sales,employee,company-handbook,shared,public,read,managed,low,1,0
1241,11,0,finance-3,finance,employee,company-handbook,shared,public,read,unmanaged,low,1,0
1242,12,15,sales-2,sales,employee,sales-crm,sales,internal,read,managed,low,1,0
1243,13,19,report-service,sales,service,sales-crm,sales,internal,export,managed,low,1,0
1244,14,7,finance-1,finance,employee,finance-payroll,finance,restricted,read,managed,low,1,0
1245,15,23,finance-1,finance,employee,finance-payroll,finance,restricted,read,unmanaged,low,1,1
1246,16,20,finance-1,finance,employee,engineering-code,engineering,confidential,read,managed,low,0,1
1247,17,3,sales-2,sales,employee,engineering-code,engineering,confidential,read,managed,high,1,1
1248,18,4,finance-3,finance,employee,sales-crm,sales,internal,read,managed,low,0,1
1249,19,3,finance-1,finance,employee,company-handbook,shared,public,read,managed,low,1,0
1250,20,10,security-admin,security,admin,sales-crm,sales,internal,read,managed,low,1,0
1251,21,19,finance-2,finance,employee,engineering-code,engineering,confidential,read,managed,low,0,1
1252,22,13,security-admin,security,admin,finance-payroll,finance,restricted,read,managed,low,1,0
1253,23,1,build-service,engineering,service,engineering-code,engineering,confidential,read,managed,low,1,0
1254,24,17,build-service,engineering,service,finance-payroll,finance,restricted,read,managed,low,0,1
1255,25,8,engineering-3,engineering,employee,finance-payroll,finance,restricted,read,managed,high,0,1
1256,26,18,sales-2,sales,employee,finance-payroll,finance,restricted,read,unmanaged,low,0,1
1257,27,22,sales-1,sales,employee,company-handbook,shared,public,read,managed,low,1,0
1258,28,2,finance-1,finance,employee,engineering-code,engineering,confidential,read,managed,low,0,1
1259,29,18,finance-1,finance,employee,finance-payroll,finance,restricted,read,managed,low,1,0
1260,30,13,build-service,engineering,service,company-handbook,shared,public,read,managed,low,1,0
1261,1,19,engineering-1,engineering,employee,engineering-code,engineering,confidential,read,unmanaged,low,1,1
1262,2,8,finance-2,finance,employee,company-handbook,shared,public,read,managed,low,1,0
1263,3,4,engineering-3,engineering,employee,engineering-code,engineering,confidential,read,managed,low,1,0
1264,4,23,sales-3,sales,employee,company-handbook,shared,public,read,managed,low,1,0
1265,5,15,engineering-2,engineering,employee,company-handbook,shared,public,export,unmanaged,low,1,0
1266,6,16,finance-1,finance,employee,company-handbook,shared,public,read,managed,low,1,0
1267,7,7,report-service,sales,service,sales-crm,sales,internal,read,managed,low,1,0
1268,8,14,security-admin,security,admin,company-handbook,shared,public,read,managed,low,1,0
1269,9,15,report-service,sales,service,engineering-code,engineering,confidential,read,unmanaged,high,0,1
1270,10,2,engineering-1,engineering,employee,finance-payroll,finance,restricted,read,managed,low,0,1
1271,11,14,engineering-3,engineering,employee,engineering-code,engineering,confidential,export,managed,low,1,1
1272,12,21,engineering-2,engineering,employee,sales-crm,sales,internal,export,managed,low,1,1
1273,13,18,sales-2,sales,employee,company-handbook,shared,public,read,managed,low,1,0
1274,14,22,sales-1,sales,employee,company-handbook,shared,public,read,managed,low,1,0
1275,15,6,finance-2,finance,employee,finance-payroll,finance,restricted,read,managed,low,1,0
1276,16,16,finance-3,finance,employee,finance-payroll,finance,restricted,export,managed,low,1,1
1277,17,19,engineering-2,engineering,employee,company-handbook,shared,public,read,managed,low,1,0
1278,18,15,engineering-3,engineering,employee,company-handbook,shared,public,read,managed,low,1,0
1279,19,21,sales-3,sales,employee,finance-payroll,finance,restricted,read,managed,low,0,1
1280,20,5,sales-2,sales,employee,finance-payroll,finance,restricted,read,managed,low,0,1
1281,21,21,sales-2,sales,employee,company-handbook,shared,public,read,managed,low,1,0
1282,22,16,sales-3,sales,employee,engineering-code,engineering,confidential,read,managed,low,0,1
1283,23,1,sales-2,sales,employee,engineering-code,engineering,confidential,read,managed,low,1,1
1284,24,20,sales-2,sales,employee,engineering-code,engineering,confidential,read,managed,low,1,1
1285,25,11,finance-3,finance,employee,finance-payroll,finance,restricted,read,managed,low,1,0
1286,26,2,report-service,sales,service,finance-payroll,finance,restricted,read,managed,low,1,1
1287,27,19,finance-1,finance,employee,sales-crm,sales,internal,read,managed,low,1,1
1288,28,0,sales-1,sales,employee,sales-crm,sales,internal,read,managed,low,1,0
1289,29,19,build-service,engineering,service,finance-payroll,finance,restricted,read,managed,low,0,1
1290,30,1,report-service,sales,service,sales-crm,sales,internal,read,managed,low,1,0
1291,1,19,engineering-3,engineering,employee,engineering-code,engineering,confidential,read,managed,low,1,0
1292,2,15,finance-2,finance,employee,finance-payroll,finance,restricted,read,managed,low,1,0
1293,3,2,sales-3,sales,employee,sales-crm,sales,internal,read,managed,high,1,1
1294,4,17,report-service,sales,service,engineering-code,engineering,confidential,read,managed,low,0,1
1295,5,12,report-service,sales,service,company-handbook,shared,public,read,managed,low,1,0
1296,6,4,sales-2,sales,employee,sales-crm,sales,internal,read,managed,low,1,0
1297,7,15,sales-2,sales,employee,company-handbook,shared,public,read,managed,low,1,0
1298,8,4,sales-2,sales,employee,company-handbook,shared,public,read,managed,low,1,0
1299,9,11,security-admin,security,admin,engineering-code,engineering,confidential,read,managed,low,1,0
1300,10,19,engineering-2,engineering,employee,finance-payroll,finance,restricted,read,managed,low,0,1
1301,11,23,report-service,sales,service,company-handbook,shared,public,export,managed,low,1,0
1302,12,15,sales-3,sales,employee,engineering-code,engineering,confidential,read,managed,low,0,1
1303,13,7,engineering-3,engineering,employee,finance-payroll,finance,restricted,read,managed,low,0,1
1304,14,2,report-service,sales,service,sales-crm,sales,internal,read,managed,low,1,0
1305,15,19,sales-1,sales,employee,sales-crm,sales,internal,read,managed,low,1,0
1306,16,3,engineering-2,engineering,employee,company-handbook,shared,public,read,managed,low,1,0
1307,17,15,engineering-1,engineering,employee,company-handbook,shared,public,read,managed,low,1,0
1308,18,14,engineering-3,engineering,employee,sales-crm,sales,internal,read,managed,low,1,1
1309,19,11,build-service,engineering,service,sales-crm,sales,internal,read,managed,low,1,1
1310,20,8,sales-1,sales,employee,finance-payroll,finance,restricted,read,managed,low,0,1
1311,21,10,finance-2,finance,employee,sales-crm,sales,internal,read,managed,low,0,1
1312,22,7,finance-2,finance,employee,engineering-code,engineering,confidential,read,unmanaged,low,0,1
1313,23,2,sales-2,sales,employee,finance-payroll,finance,restricted,read,managed,low,0,1
1314,24,23,report-service,sales,service,company-handbook,shared,public,read,managed,low,1,0
1315,25,14,finance-1,finance,employee,sales-crm,sales,internal,read,unmanaged,low,1,1
1316,26,18,build-service,engineering,service,sales-crm,sales,internal,read,managed,low,1,1
1317,27,9,security-admin,security,admin,sales-crm,sales,internal,export,managed,low,1,0
1318,28,3,security-admin,security,admin,finance-payroll,finance,restricted,read,managed,low,1,0
1319,29,22,sales-1,sales,employee,sales-crm,sales,internal,export,managed,low,1,0
1320,30,10,engineering-1,engineering,employee,company-handbook,shared,public,read,managed,high,1,1
1321,1,9,security-admin,security,admin,sales-crm,sales,internal,export,managed,low,1,0
1322,2,6,report-service,sales,service,company-handbook,shared,public,read,managed,low,1,0
1323,3,3,report-service,sales,service,sales-crm,sales,internal,read,managed,high,1,1
1324,4,8,engineering-2,engineering,employee,company-handbook,shared,public,read,managed,low,1,0
1325,5,6,security-admin,security,admin,company-handbook,shared,public,read,managed,low,1,0
1326,6,8,engineering-3,engineering,employee,finance-payroll,finance,restricted,read,managed,low,0,1
1327,7,16,sales-2,sales,employee,company-handbook,shared,public,read,managed,low,1,0
1328,8,16,finance-1,finance,employee,finance-payroll,finance,restricted,read,managed,low,1,0
1329,9,13,security-admin,security,admin,company-handbook,shared,public,read,managed,low,1,0
1330,10,14,security-admin,security,admin,engineering-code,engineering,confidential,export,unmanaged,low,1,1
1331,11,8,sales-1,sales,employee,company-handbook,shared,public,read,managed,low,1,0
1332,12,20,report-service,sales,service,company-handbook,shared,public,read,managed,high,1,1
1333,13,16,sales-1,sales,employee,company-handbook,shared,public,read,managed,low,1,0
1334,14,16,engineering-3,engineering,employee,engineering-code,engineering,confidential,read,managed,low,1,0
1335,15,23,report-service,sales,service,engineering-code,engineering,confidential,export,managed,low,0,1
1336,16,19,finance-1,finance,employee,finance-payroll,finance,restricted,read,managed,low,1,0
1337,17,6,finance-3,finance,employee,company-handbook,shared,public,read,managed,low,1,0
1338,18,17,finance-2,finance,employee,finance-payroll,finance,restricted,read,managed,low,1,0
1339,19,11,finance-1,finance,employee,sales-crm,sales,internal,read,managed,low,1,1
1340,20,12,sales-1,sales,employee,company-handbook,shared,public,read,managed,low,1,0
1341,21,17,sales-2,sales,employee,engineering-code,engineering,confidential,read,managed,low,1,1
1342,22,5,sales-1,sales,employee,engineering-code,engineering,confidential,export,managed,low,0,1
1343,23,2,engineering-3,engineering,employee,engineering-code,engineering,confidential,read,unmanaged,low,1,1
1344,24,3,build-service,engineering,service,sales-crm,sales,internal,read,managed,low,1,1
1345,25,7,sales-1,sales,employee,company-handbook,shared,public,read,managed,low,1,0
1346,26,0,engineering-3,engineering,employee,engineering-code,engineering,confidential,read,managed,low,1,0
1347,27,17,finance-1,finance,employee,finance-payroll,finance,restricted,read,managed,low,1,0
1348,28,23,security-admin,security,admin,company-handbook,shared,public,read,managed,low,1,0
1349,29,5,finance-3,finance,employee,company-handbook,shared,public,read,managed,low,1,0
1350,30,9,engineering-1,engineering,employee,engineering-code,engineering,confidential,read,managed,low,1,0
1351,1,1,report-service,sales,service,sales-crm,sales,internal,read,managed,low,1,0
1352,2,8,engineering-1,engineering,employee,sales-crm,sales,internal,read,unmanaged,low,1,1
1353,3,14,report-service,sales,service,company-handbook,shared,public,read,managed,low,1,0
1354,4,15,build-service,engineering,service,finance-payroll,finance,restricted,read,managed,low,0,1
1355,5,15,security-admin,security,admin,engineering-code,engineering,confidential,read,managed,low,1,0
1356,6,19,engineering-3,engineering,employee,sales-crm,sales,internal,read,managed,low,1,1
1357,7,1,sales-3,sales,employee,company-handbook,shared,public,read,managed,low,1,0
1358,8,9,engineering-2,engineering,employee,company-handbook,shared,public,read,unmanaged,low,1,0
1359,9,0,sales-1,sales,employee,finance-payroll,finance,restricted,read,managed,low,0,1
1360,10,4,sales-2,sales,employee,sales-crm,sales,internal,read,managed,low,1,0
1361,11,8,sales-1,sales,employee,company-handbook,shared,public,read,managed,high,1,1
1362,12,18,sales-2,sales,employee,sales-crm,sales,internal,read,managed,low,1,0
1363,13,21,report-service,sales,service,finance-payroll,finance,restricted,read,managed,low,1,1
1364,14,19,sales-2,sales,employee,finance-payroll,finance,restricted,read,managed,low,0,1
1365,15,19,finance-3,finance,employee,company-handbook,shared,public,read,managed,low,1,0
1366,16,8,engineering-1,engineering,employee,finance-payroll,finance,restricted,read,managed,low,0,1
1367,17,7,finance-3,finance,employee,engineering-code,engineering,confidential,read,managed,low,0,1
1368,18,8,report-service,sales,service,engineering-code,engineering,confidential,read,unmanaged,low,0,1
1369,19,17,sales-3,sales,employee,company-handbook,shared,public,read,managed,low,1,0
1370,20,3,finance-1,finance,employee,company-handbook,shared,public,read,managed,low,1,0
1371,21,14,finance-1,finance,employee,sales-crm,sales,internal,read,managed,low,1,1
1372,22,4,security-admin,security,admin,finance-payroll,finance,restricted,read,managed,low,1,0
1373,23,23,finance-3,finance,employee,finance-payroll,finance,restricted,read,managed,low,1,0
1374,24,7,build-service,engineering,service,company-handbook,shared,public,read,managed,high,1,1
1375,25,14,sales-1,sales,employee,engineering-code,engineering,confidential,export,managed,low,0,1
1376,26,15,sales-1,sales,employee,sales-crm,sales,internal,read,managed,low,1,0
1377,27,1,finance-1,finance,employee,company-handbook,shared,public,read,managed,high,1,1
1378,28,11,finance-2,finance,employee,engineering-code,engineering,confidential,read,managed,low,0,1
1379,29,9,engineering-3,engineering,employee,finance-payroll,finance,restricted,read,managed,low,0,1
1380,30,13,sales-3,sales,employee,sales-crm,sales,internal,export,managed,high,1,1
1381,1,22,engineering-2,engineering,employee,engineering-code,engineering,confidential,read,managed,low,1,0
1382,2,17,build-service,engineering,service,finance-payroll,finance,restricted,read,managed,low,0,1
1383,3,18,sales-1,sales,employee,sales-crm,sales,internal,read,managed,low,1,0
1384,4,7,security-admin,security,admin,company-handbook,shared,public,read,managed,low,1,0
1385,5,3,engineering-3,engineering,employee,sales-crm,sales,internal,read,managed,low,1,1
1386,6,4,sales-2,sales,employee,company-handbook,shared,public,read,managed,low,1,0
1387,7,4,build-service,engineering,service,sales-crm,sales,internal,read,managed,low,1,1
1388,8,19,build-service,engineering,service,finance-payroll,finance,restricted,read,managed,low,0,1
1389,9,2,engineering-2,engineering,employee,finance-payroll,finance,restricted,read,managed,low,0,1
1390,10,12,build-service,engineering,service,sales-crm,sales,internal,read,unmanaged,low,1,1
1391,11,10,engineering-3,engineering,employee,sales-crm,sales,internal,read,managed,low,1,1
1392,12,1,engineering-1,engineering,employee,engineering-code,engineering,confidential,read,managed,low,1,0
1393,13,5,sales-2,sales,employee,company-handbook,shared,public,read,managed,low,1,0
1394,14,9,sales-3,sales,employee,sales-crm,sales,internal,read,managed,low,1,0
1395,15,2,sales-1,sales,employee,company-handbook,shared,public,read,managed,low,1,0
1396,16,10,engineering-3,engineering,employee,sales-crm,sales,internal,read,managed,low,1,1
1397,17,2,finance-2,finance,employee,engineering-code,engineering,confidential,export,managed,low,0,1
1398,18,8,sales-1,sales,employee,sales-crm,sales,internal,read,managed,low,1,0
1399,19,14,sales-1,sales,employee,sales-crm,sales,internal,read,managed,low,1,0
1400,20,4,security-admin,security,admin,sales-crm,sales,internal,export,managed,low,1,0
1401,21,19,finance-1,finance,employee,sales-crm,sales,internal,read,managed,low,1,1
1402,22,12,report-service,sales,service,sales-crm,sales,internal,read,managed,low,1,0
1403,23,9,sales-3,sales,employee,sales-crm,sales,internal,read,managed,low,1,0
1404,24,6,sales-1,sales,employee,engineering-code,engineering,confidential,read,managed,low,0,1
1405,25,11,build-service,engineering,service,engineering-code,engineering,confidential,read,managed,low,1,0
1406,26,5,engineering-3,engineering,employee,finance-payroll,finance,restricted,read,managed,low,0,1
1407,27,23,engineering-1,engineering,employee,finance-payroll,finance,restricted,export,managed,low,0,1
1408,28,19,build-service,engineering,service,sales-crm,sales,internal,read,managed,low,1,1
1409,29,13,report-service,sales,service,engineering-code,engineering,confidential,read,managed,low,0,1
1410,30,1,sales-3,sales,employee,company-handbook,shared,public,read,managed,low,1,0
1411,1,19,engineering-3,engineering,employee,sales-crm,sales,internal,export,managed,high,0,1
1412,2,19,finance-2,finance,employee,engineering-code,engineering,confidential,read,managed,low,0,1
1413,3,0,report-service,sales,service,engineering-code,engineering,confidential,read,managed,low,0,1
1414,4,17,finance-3,finance,employee,sales-crm,sales,internal,read,unmanaged,low,0,1
1415,5,23,report-service,sales,service,company-handbook,shared,public,read,managed,low,1,0
1416,6,10,report-service,sales,service,sales-crm,sales,internal,read,managed,low,1,0
1417,7,5,engineering-3,engineering,employee,finance-payroll,finance,restricted,read,managed,low,0,1
1418,8,3,build-service,engineering,service,finance-payroll,finance,restricted,read,managed,low,0,1
1419,9,14,sales-3,sales,employee,company-handbook,shared,public,read,managed,low,1,0
1420,10,1,finance-1,finance,employee,company-handbook,shared,public,read,managed,low,1,0
1421,11,3,engineering-2,engineering,employee,company-handbook,shared,public,export,managed,low,1,0
1422,12,4,security-admin,security,admin,engineering-code,engineering,confidential,read,managed,low,1,0
1423,13,18,engineering-2,engineering,employee,company-handbook,shared,public,read,managed,low,1,0
1424,14,5,report-service,sales,service,engineering-code,engineering,confidential,read,managed,low,0,1
1425,15,6,sales-3,sales,employee,finance-payroll,finance,restricted,read,unmanaged,low,0,1
1426,16,15,sales-1,sales,employee,sales-crm,sales,internal,read,managed,low,1,0
1427,17,12,engineering-3,engineering,employee,finance-payroll,finance,restricted,read,managed,low,0,1
1428,18,15,security-admin,security,admin,company-handbook,shared,public,read,managed,low,1,0
1429,19,8,security-admin,security,admin,sales-crm,sales,internal,read,managed,low,1,0
1430,20,11,sales-2,sales,employee,sales-crm,sales,internal,export,managed,low,1,0
1431,21,9,engineering-2,engineering,employee,company-handbook,shared,public,read,managed,low,1,0
1432,22,7,engineering-3,engineering,employee,finance-payroll,finance,restricted,read,managed,low,0,1
1433,23,3,finance-2,finance,employee,company-handbook,shared,public,read,managed,low,1,0
1434,24,5,finance-3,finance,employee,company-handbook,shared,public,read,managed,low,1,0
1435,25,19,build-service,engineering,service,company-handbook,shared,public,read,managed,low,1,0
1436,26,21,finance-2,finance,employee,finance-payroll,finance,restricted,read,unmanaged,low,1,1
1437,27,3,finance-3,finance,employee,sales-crm,sales,internal,read,managed,low,0,1
1438,28,9,finance-3,finance,employee,company-handbook,shared,public,read,managed,low,1,0
1439,29,16,sales-3,sales,employee,finance-payroll,finance,restricted,read,managed,low,0,1
1440,30,16,finance-3,finance,employee,engineering-code,engineering,confidential,read,managed,high,0,1
1441,1,17,security-admin,security,admin,finance-payroll,finance,restricted,read,managed,low,1,0
1442,2,17,engineering-2,engineering,employee,company-handbook,shared,public,read,managed,low,1,0
1443,3,23,finance-1,finance,employee,company-handbook,shared,public,read,unmanaged,low,1,0
1444,4,3,engineering-2,engineering,employee,finance-payroll,finance,restricted,read,managed,low,0,1
1445,5,17,finance-3,finance,employee,company-handbook,shared,public,read,managed,low,1,0
1446,6,21,report-service,sales,service,company-handbook,shared,public,read,managed,low,1,0
1447,7,21,engineering-1,engineering,employee,company-handbook,shared,public,read,managed,low,1,0
1448,8,2,finance-1,finance,employee,engineering-code,engineering,confidential,export,managed,low,0,1
1449,9,2,sales-1,sales,employee,engineering-code,engineering,confidential,read,managed,low,0,1
1450,10,2,security-admin,security,admin,sales-crm,sales,internal,read,managed,low,1,0
1451,11,4,security-admin,security,admin,engineering-code,engineering,confidential,read,managed,low,1,0
1452,12,1,engineering-2,engineering,employee,finance-payroll,finance,restricted,read,unmanaged,low,0,1
1453,13,18,build-service,engineering,service,engineering-code,engineering,confidential,read,unmanaged,low,1,1
1454,14,7,security-admin,security,admin,engineering-code,engineering,confidential,read,managed,low,1,0
1455,15,22,security-admin,security,admin,company-handbook,shared,public,read,managed,low,1,0
1456,16,6,build-service,engineering,service,company-handbook,shared,public,read,managed,low,1,0
1457,17,3,security-admin,security,admin,finance-payroll,finance,restricted,read,managed,low,1,0
1458,18,10,finance-2,finance,employee,finance-payroll,finance,restricted,read,managed,low,1,0
1459,19,21,build-service,engineering,service,company-handbook,shared,public,read,managed,low,1,0
1460,20,14,sales-1,sales,employee,sales-crm,sales,internal,read,managed,low,1,0
1461,21,0,finance-1,finance,employee,sales-crm,sales,internal,read,managed,low,1,1
1462,22,8,engineering-3,engineering,employee,finance-payroll,finance,restricted,read,managed,low,0,1
1463,23,17,engineering-3,engineering,employee,finance-payroll,finance,restricted,read,managed,low,0,1
1464,24,7,sales-3,sales,employee,company-handbook,shared,public,read,managed,low,1,0
1465,25,9,build-service,engineering,service,engineering-code,engineering,confidential,read,unmanaged,low,1,1
1466,26,3,sales-1,sales,employee,finance-payroll,finance,restricted,read,managed,low,0,1
1467,27,9,engineering-1,engineering,employee,sales-crm,sales,internal,read,unmanaged,low,1,1
1468,28,18,finance-2,finance,employee,engineering-code,engineering,confidential,read,managed,low,0,1
1469,29,4,sales-2,sales,employee,finance-payroll,finance,restricted,read,managed,low,0,1
1470,30,8,security-admin,security,admin,company-handbook,shared,public,read,managed,low,1,0
1471,1,20,finance-2,finance,employee,engineering-code,engineering,confidential,read,managed,low,0,1
1472,2,4,engineering-3,engineering,employee,engineering-code,engineering,confidential,read,managed,low,1,0
1473,3,6,sales-3,sales,employee,sales-crm,sales,internal,read,managed,low,1,0
1474,4,1,sales-1,sales,employee,company-handbook,shared,public,read,managed,low,1,0
1475,5,2,engineering-3,engineering,employee,finance-payroll,finance,restricted,read,managed,low,0,1
1476,6,15,finance-1,finance,employee,engineering-code,engineering,confidential,read,managed,low,0,1
1477,7,3,finance-2,finance,employee,finance-payroll,finance,restricted,read,managed,low,1,0
1478,8,0,engineering-3,engineering,employee,finance-payroll,finance,restricted,export,managed,low,1,1
1479,9,18,report-service,sales,service,company-handbook,shared,public,read,managed,low,1,0
1480,10,13,finance-3,finance,employee,finance-payroll,finance,restricted,read,unmanaged,low,1,1
1481,11,12,security-admin,security,admin,company-handbook,shared,public,read,managed,low,1,0
1482,12,13,finance-1,finance,employee,sales-crm,sales,internal,export,managed,low,0,1
1483,13,8,engineering-3,engineering,employee,engineering-code,engineering,confidential,export,managed,low,1,1
1484,14,8,finance-3,finance,employee,company-handbook,shared,public,read,managed,low,1,0
1485,15,15,sales-2,sales,employee,finance-payroll,finance,restricted,read,managed,low,0,1
1486,16,13,sales-2,sales,employee,sales-crm,sales,internal,read,managed,low,1,0
1487,17,6,finance-2,finance,employee,sales-crm,sales,internal,read,managed,low,0,1
1488,18,18,finance-2,finance,employee,company-handbook,shared,public,read,managed,low,1,0
1489,19,12,sales-1,sales,employee,sales-crm,sales,internal,export,managed,low,1,0
1490,20,23,engineering-2,engineering,employee,finance-payroll,finance,restricted,read,managed,low,0,1
1491,21,17,engineering-2,engineering,employee,finance-payroll,finance,restricted,read,managed,low,0,1
1492,22,18,engineering-1,engineering,employee,finance-payroll,finance,restricted,read,unmanaged,low,0,1
1493,23,18,sales-2,sales,employee,sales-crm,sales,internal,read,managed,low,1,0
1494,24,0,finance-3,finance,employee,sales-crm,sales,internal,read,managed,low,0,1
1495,25,12,build-service,engineering,service,company-handbook,shared,public,read,managed,low,1,0
1496,26,17,finance-2,finance,employee,sales-crm,sales,internal,read,unmanaged,low,0,1
1497,27,11,build-service,engineering,service,finance-payroll,finance,restricted,read,managed,low,0,1
1498,28,13,build-service,engineering,service,company-handbook,shared,public,read,managed,low,1,0
1499,29,3,finance-2,finance,employee,engineering-code,engineering,confidential,read,managed,low,0,1
1500,30,14,sales-2,sales,employee,sales-crm,sales,internal,read,managed,low,1,0
1501,1,15,security-admin,security,admin,company-handbook,shared,public,read,managed,low,1,0
1502,2,17,security-admin,security,admin,engineering-code,engineering,confidential,read,managed,low,1,0
1503,3,13,security-admin,security,admin,company-handbook,shared,public,export,unmanaged,low,1,0
1504,4,12,engineering-3,engineering,employee,company-handbook,shared,public,read,managed,low,1,0
1505,5,3,build-service,engineering,service,engineering-code,engineering,confidential,read,managed,low,1,0
1506,6,7,sales-3,sales,employee,finance-payroll,finance,restricted,read,managed,low,0,1
1507,7,4,engineering-3,engineering,employee,company-handbook,shared,public,read,managed,low,1,0
1508,8,13,sales-2,sales,employee,sales-crm,sales,internal,read,managed,high,1,1
1509,9,19,finance-3,finance,employee,engineering-code,engineering,confidential,read,managed,low,0,1
1510,10,11,engineering-3,engineering,employee,engineering-code,engineering,confidential,read,managed,low,1,0
1511,11,4,finance-3,finance,employee,sales-crm,sales,internal,read,managed,low,0,1
1512,12,5,sales-1,sales,employee,engineering-code,engineering,confidential,read,unmanaged,low,0,1
1513,13,10,engineering-3,engineering,employee,sales-crm,sales,internal,read,managed,low,1,1
1514,14,23,finance-2,finance,employee,company-handbook,shared,public,read,managed,low,1,0
1515,15,7,finance-2,finance,employee,company-handbook,shared,public,read,managed,low,1,0
1516,16,12,security-admin,security,admin,finance-payroll,finance,restricted,read,managed,low,1,0
1517,17,8,engineering-3,engineering,employee,finance-payroll,finance,restricted,read,managed,low,0,1
1518,18,6,sales-2,sales,employee,engineering-code,engineering,confidential,read,managed,low,1,1
1519,19,3,engineering-3,engineering,employee,finance-payroll,finance,restricted,read,managed,low,0,1
1520,20,11,finance-1,finance,employee,engineering-code,engineering,confidential,read,managed,low,0,1
1521,21,23,engineering-3,engineering,employee,finance-payroll,finance,restricted,read,managed,low,0,1
1522,22,22,engineering-1,engineering,employee,company-handbook,shared,public,read,managed,low,1,0
1523,23,16,finance-3,finance,employee,company-handbook,shared,public,read,managed,low,1,0
1524,24,22,engineering-1,engineering,employee,finance-payroll,finance,restricted,read,unmanaged,low,0,1
1525,25,18,finance-3,finance,employee,company-handbook,shared,public,read,managed,low,1,0
1526,26,7,security-admin,security,admin,sales-crm,sales,internal,read,managed,low,1,0
1527,27,6,sales-3,sales,employee,finance-payroll,finance,restricted,read,managed,low,0,1
1528,28,14,security-admin,security,admin,company-handbook,shared,public,read,managed,high,1,1
1529,29,14,finance-1,finance,employee,sales-crm,sales,internal,read,managed,low,1,1
1530,30,10,finance-3,finance,employee,engineering-code,engineering,confidential,read,managed,low,0,1
1531,1,21,engineering-2,engineering,employee,sales-crm,sales,internal,read,managed,low,0,1
1532,2,2,report-service,sales,service,sales-crm,sales,internal,read,managed,low,1,0
1533,3,2,sales-1,sales,employee,finance-payroll,finance,restricted,read,managed,low,0,1
1534,4,15,report-service,sales,service,engineering-code,engineering,confidential,read,managed,low,0,1
1535,5,13,engineering-2,engineering,employee,sales-crm,sales,internal,read,managed,low,0,1
1536,6,11,sales-2,sales,employee,engineering-code,engineering,confidential,read,managed,low,1,1
1537,7,13,finance-2,finance,employee,finance-payroll,finance,restricted,read,managed,low,1,0
1538,8,16,sales-2,sales,employee,sales-crm,sales,internal,export,managed,low,1,0
1539,9,14,engineering-1,engineering,employee,finance-payroll,finance,restricted,read,managed,low,0,1
1540,10,22,finance-3,finance,employee,engineering-code,engineering,confidential,read,managed,low,0,1
1541,11,8,engineering-2,engineering,employee,finance-payroll,finance,restricted,read,managed,low,0,1
1542,12,5,engineering-2,engineering,employee,company-handbook,shared,public,export,managed,low,1,0
1543,13,0,sales-2,sales,employee,company-handbook,shared,public,read,managed,low,1,0
1544,14,16,engineering-1,engineering,employee,engineering-code,engineering,confidential,export,managed,low,1,1
1545,15,13,engineering-2,engineering,employee,engineering-code,engineering,confidential,read,managed,low,1,0
1546,16,4,sales-3,sales,employee,engineering-code,engineering,confidential,read,managed,low,0,1
1547,17,13,sales-1,sales,employee,company-handbook,shared,public,read,managed,low,1,0
1548,18,8,finance-2,finance,employee,sales-crm,sales,internal,export,managed,low,1,1
1549,19,23,finance-2,finance,employee,company-handbook,shared,public,read,managed,low,1,0
1550,20,18,finance-2,finance,employee,engineering-code,engineering,confidential,read,managed,low,0,1
1551,21,11,engineering-1,engineering,employee,finance-payroll,finance,restricted,read,managed,low,0,1
1552,22,16,report-service,sales,service,finance-payroll,finance,restricted,read,managed,low,1,1
1553,23,10,engineering-3,engineering,employee,finance-payroll,finance,restricted,read,managed,low,0,1
1554,24,0,finance-1,finance,employee,sales-crm,sales,internal,read,managed,low,1,1
1555,25,17,report-service,sales,service,sales-crm,sales,internal,read,managed,low,1,0
1556,26,12,finance-1,finance,employee,engineering-code,engineering,confidential,read,managed,low,0,1
1557,27,8,report-service,sales,service,finance-payroll,finance,restricted,read,unmanaged,low,1,1
1558,28,3,engineering-1,engineering,employee,sales-crm,sales,internal,read,managed,low,1,1
1559,29,6,sales-3,sales,employee,engineering-code,engineering,confidential,read,managed,low,0,1
1560,30,6,sales-2,sales,employee,engineering-code,engineering,confidential,read,managed,low,1,1
1561,1,15,build-service,engineering,service,engineering-code,engineering,confidential,read,managed,low,1,0
1562,2,14,sales-1,sales,employee,finance-payroll,finance,restricted,read,managed,low,0,1
1563,3,18,finance-3,finance,employee,engineering-code,engineering,confidential,read,managed,low,0,1
1564,4,19,sales-2,sales,employee,company-handbook,shared,public,read,managed,low,1,0
1565,5,9,finance-3,finance,employee,engineering-code,engineering,confidential,read,managed,low,0,1
1566,6,22,build-service,engineering,service,finance-payroll,finance,restricted,read,managed,low,0,1
1567,7,2,report-service,sales,service,company-handbook,shared,public,read,managed,low,1,0
1568,8,16,report-service,sales,service,company-handbook,shared,public,read,managed,low,1,0
1569,9,19,finance-1,finance,employee,company-handbook,shared,public,read,managed,low,1,0
1570,10,8,finance-2,finance,employee,finance-payroll,finance,restricted,export,managed,low,1,1
1571,11,3,sales-1,sales,employee,finance-payroll,finance,restricted,read,managed,low,0,1
1572,12,12,engineering-3,engineering,employee,company-handbook,shared,public,read,unmanaged,low,1,0
1573,13,14,engineering-1,engineering,employee,engineering-code,engineering,confidential,read,managed,low,1,0
1574,14,12,engineering-2,engineering,employee,company-handbook,shared,public,read,managed,low,1,0
1575,15,15,finance-2,finance,employee,sales-crm,sales,internal,read,managed,low,0,1
1576,16,1,sales-3,sales,employee,finance-payroll,finance,restricted,read,managed,low,0,1
1577,17,23,finance-3,finance,employee,finance-payroll,finance,restricted,read,managed,low,1,0
1578,18,19,engineering-1,engineering,employee,engineering-code,engineering,confidential,read,managed,low,1,0
1579,19,5,sales-3,sales,employee,engineering-code,engineering,confidential,read,managed,low,0,1
1580,20,15,sales-3,sales,employee,engineering-code,engineering,confidential,export,managed,low,0,1
1581,21,2,finance-2,finance,employee,sales-crm,sales,internal,read,managed,low,0,1
1582,22,15,finance-3,finance,employee,company-handbook,shared,public,read,unmanaged,low,1,0
1583,23,9,sales-2,sales,employee,company-handbook,shared,public,read,managed,low,1,0
1584,24,10,sales-2,sales,employee,sales-crm,sales,internal,read,managed,low,1,0
1585,25,0,finance-3,finance,employee,finance-payroll,finance,restricted,read,unmanaged,low,1,1
1586,26,7,sales-2,sales,employee,sales-crm,sales,internal,read,managed,low,1,0
1587,27,13,security-admin,security,admin,company-handbook,shared,public,read,managed,low,1,0
1588,28,6,report-service,sales,service,finance-payroll,finance,restricted,read,managed,low,1,1
1589,29,0,finance-3,finance,employee,finance-payroll,finance,restricted,export,managed,low,1,1
1590,30,16,finance-3,finance,employee,company-handbook,shared,public,read,managed,low,1,0
1591,1,7,sales-2,sales,employee,finance-payroll,finance,restricted,read,managed,low,0,1
1592,2,8,engineering-1,engineering,employee,company-handbook,shared,public,read,unmanaged,low,1,0
1593,3,6,security-admin,security,admin,sales-crm,sales,internal,read,managed,low,1,0
1594,4,13,build-service,engineering,service,engineering-code,engineering,confidential,read,managed,low,1,0
1595,5,8,engineering-1,engineering,employee,engineering-code,engineering,confidential,read,managed,low,1,0
1596,6,5,sales-2,sales,employee,finance-payroll,finance,restricted,read,unmanaged,low,0,1
1597,7,15,finance-1,finance,employee,company-handbook,shared,public,read,managed,low,1,0
1598,8,0,engineering-2,engineering,employee,sales-crm,sales,internal,read,managed,low,0,1
1599,9,11,build-service,engineering,service,company-handbook,shared,public,read,managed,low,1,0
1600,10,11,build-service,engineering,service,engineering-code,engineering,confidential,read,unmanaged,low,1,1
1601,11,15,engineering-3,engineering,employee,sales-crm,sales,internal,read,managed,low,1,1
1602,12,4,engineering-1,engineering,employee,finance-payroll,finance,restricted,read,managed,low,0,1
1603,13,17,build-service,engineering,service,finance-payroll,finance,restricted,read,managed,low,0,1
1604,14,22,report-service,sales,service,sales-crm,sales,internal,read,managed,low,1,0
1605,15,21,report-service,sales,service,finance-payroll,finance,restricted,read,managed,low,1,1
1606,16,14,sales-2,sales,employee,company-handbook,shared,public,read,managed,low,1,0
1607,17,19,finance-2,finance,employee,engineering-code,engineering,confidential,read,managed,low,0,1
1608,18,14,finance-3,finance,employee,company-handbook,shared,public,read,unmanaged,low,1,0
1609,19,22,engineering-3,engineering,employee,company-handbook,shared,public,read,managed,low,1,0
1610,20,19,report-service,sales,service,engineering-code,engineering,confidential,read,managed,low,0,1
1611,21,5,sales-1,sales,employee,company-handbook,shared,public,read,managed,low,1,0
1612,22,3,build-service,engineering,service,engineering-code,engineering,confidential,read,managed,low,1,0
1613,23,2,report-service,sales,service,company-handbook,shared,public,read,managed,low,1,0
1614,24,10,sales-3,sales,employee,sales-crm,sales,internal,read,managed,low,1,0
1615,25,17,sales-3,sales,employee,company-handbook,shared,public,export,managed,low,1,0
1616,26,20,sales-1,sales,employee,company-handbook,shared,public,read,managed,low,1,0
1617,27,0,engineering-3,engineering,employee,finance-payroll,finance,restricted,read,managed,low,0,1
1618,28,0,sales-3,sales,employee,sales-crm,sales,internal,read,managed,low,1,0
1619,29,2,security-admin,security,admin,finance-payroll,finance,restricted,read,managed,low,1,0
1620,30,1,finance-1,finance,employee,finance-payroll,finance,restricted,read,managed,low,1,0
1621,1,0,report-service,sales,service,finance-payroll,finance,restricted,read,managed,low,1,1
1622,2,11,sales-1,sales,employee,finance-payroll,finance,restricted,read,managed,low,0,1
1623,3,19,build-service,engineering,service,engineering-code,engineering,confidential,read,managed,low,1,0
1624,4,10,sales-1,sales,employee,sales-crm,sales,internal,read,managed,low,1,0
1625,5,15,engineering-3,engineering,employee,company-handbook,shared,public,export,managed,low,1,0
1626,6,16,sales-1,sales,employee,engineering-code,engineering,confidential,export,managed,low,0,1
1627,7,13,engineering-1,engineering,employee,company-handbook,shared,public,read,managed,low,1,0
1628,8,13,sales-1,sales,employee,finance-payroll,finance,restricted,export,managed,low,1,1
1629,9,4,sales-1,sales,employee,sales-crm,sales,internal,read,managed,low,1,0
1630,10,2,finance-2,finance,employee,engineering-code,engineering,confidential,read,managed,low,0,1
1631,11,6,finance-1,finance,employee,company-handbook,shared,public,read,managed,low,1,0
1632,12,4,engineering-2,engineering,employee,engineering-code,engineering,confidential,read,managed,low,1,0
1633,13,10,security-admin,security,admin,sales-crm,sales,internal,read,managed,low,1,0
1634,14,14,report-service,sales,service,company-handbook,shared,public,read,managed,low,1,0
1635,15,20,sales-1,sales,employee,finance-payroll,finance,restricted,read,managed,low,0,1
1636,16,5,report-service,sales,service,engineering-code,engineering,confidential,read,managed,low,0,1
1637,17,19,finance-1,finance,employee,sales-crm,sales,internal,read,unmanaged,low,1,1
1638,18,12,sales-3,sales,employee,engineering-code,engineering,confidential,read,managed,high,0,1
1639,19,12,engineering-3,engineering,employee,sales-crm,sales,internal,read,managed,low,1,1
1640,20,17,engineering-1,engineering,employee,finance-payroll,finance,restricted,read,unmanaged,low,0,1
1641,21,5,build-service,engineering,service,sales-crm,sales,internal,read,managed,low,1,1
1642,22,11,report-service,sales,service,finance-payroll,finance,restricted,read,unmanaged,low,1,1
1643,23,10,engineering-2,engineering,employee,engineering-code,engineering,confidential,read,managed,low,1,0
1644,24,14,security-admin,security,admin,engineering-code,engineering,confidential,read,managed,low,1,0
1645,25,8,finance-3,finance,employee,engineering-code,engineering,confidential,read,managed,low,0,1
1646,26,15,finance-3,finance,employee,finance-payroll,finance,restricted,export,managed,high,1,1
1647,27,0,finance-1,finance,employee,finance-payroll,finance,restricted,read,managed,low,1,0
1648,28,5,finance-3,finance,employee,sales-crm,sales,internal,read,managed,low,0,1
1649,29,5,engineering-3,engineering,employee,company-handbook,shared,public,read,managed,low,1,0
1650,30,8,build-service,engineering,service,sales-crm,sales,internal,read,managed,high,1,1
1651,1,7,security-admin,security,admin,sales-crm,sales,internal,read,unmanaged,low,1,1
1652,2,12,engineering-1,engineering,employee,sales-crm,sales,internal,read,managed,low,1,1
1653,3,1,finance-1,finance,employee,sales-crm,sales,internal,read,managed,low,1,1
1654,4,6,sales-2,sales,employee,engineering-code,engineering,confidential,read,managed,low,1,1
1655,5,2,security-admin,security,admin,engineering-code,engineering,confidential,read,managed,high,1,1
1656,6,23,engineering-3,engineering,employee,finance-payroll,finance,restricted,read,managed,low,0,1
1657,7,9,finance-3,finance,employee,finance-payroll,finance,restricted,read,managed,low,1,0
1658,8,1,sales-2,sales,employee,sales-crm,sales,internal,read,managed,low,1,0
1659,9,19,finance-1,finance,employee,engineering-code,engineering,confidential,read,unmanaged,low,0,1
1660,10,12,engineering-3,engineering,employee,engineering-code,engineering,confidential,export,managed,high,1,1
1661,11,15,sales-3,sales,employee,sales-crm,sales,internal,read,unmanaged,low,1,1
1662,12,19,sales-3,sales,employee,engineering-code,engineering,confidential,read,managed,high,0,1
1663,13,16,sales-1,sales,employee,company-handbook,shared,public,read,managed,low,1,0
1664,14,8,sales-3,sales,employee,sales-crm,sales,internal,read,managed,low,1,0
1665,15,19,finance-3,finance,employee,company-handbook,shared,public,read,managed,low,1,0
1666,16,11,engineering-1,engineering,employee,engineering-code,engineering,confidential,read,managed,high,1,1
1667,17,7,report-service,sales,service,finance-payroll,finance,restricted,export,managed,low,0,1
1668,18,6,report-service,sales,service,engineering-code,engineering,confidential,read,managed,low,0,1
1669,19,14,sales-1,sales,employee,sales-crm,sales,internal,read,managed,low,1,0
1670,20,19,security-admin,security,admin,company-handbook,shared,public,read,managed,low,1,0
1671,21,12,security-admin,security,admin,finance-payroll,finance,restricted,read,managed,low,1,0
1672,22,9,engineering-3,engineering,employee,sales-crm,sales,internal,read,managed,low,1,1
1673,23,23,sales-3,sales,employee,company-handbook,shared,public,read,managed,low,1,0
1674,24,8,sales-3,sales,employee,company-handbook,shared,public,export,managed,low,1,0
1675,25,9,sales-2,sales,employee,engineering-code,engineering,confidential,read,managed,low,1,1
1676,26,14,finance-1,finance,employee,finance-payroll,finance,restricted,read,managed,low,1,0
1677,27,10,finance-1,finance,employee,finance-payroll,finance,restricted,read,managed,low,1,0
1678,28,5,finance-3,finance,employee,engineering-code,engineering,confidential,export,managed,low,1,1
1679,29,9,finance-2,finance,employee,finance-payroll,finance,restricted,read,managed,low,1,0
1680,30,7,security-admin,security,admin,company-handbook,shared,public,read,managed,low,1,0
1681,1,11,engineering-3,engineering,employee,company-handbook,shared,public,export,managed,low,1,0
1682,2,23,engineering-2,engineering,employee,engineering-code,engineering,confidential,read,managed,low,1,0
1683,3,2,report-service,sales,service,engineering-code,engineering,confidential,read,managed,low,0,1
1684,4,3,finance-3,finance,employee,engineering-code,engineering,confidential,read,unmanaged,low,0,1
1685,5,16,sales-1,sales,employee,company-handbook,shared,public,read,managed,low,1,0
1686,6,2,sales-1,sales,employee,sales-crm,sales,internal,read,managed,low,1,0
1687,7,17,engineering-2,engineering,employee,engineering-code,engineering,confidential,read,managed,low,1,0
1688,8,6,sales-2,sales,employee,sales-crm,sales,internal,read,managed,low,1,0
1689,9,19,finance-3,finance,employee,company-handbook,shared,public,read,managed,low,1,0
1690,10,15,engineering-1,engineering,employee,company-handbook,shared,public,read,managed,low,1,0
1691,11,0,report-service,sales,service,sales-crm,sales,internal,read,managed,low,1,0
1692,12,21,sales-2,sales,employee,finance-payroll,finance,restricted,read,managed,low,0,1
1693,13,20,sales-2,sales,employee,sales-crm,sales,internal,read,managed,low,1,0
1694,14,19,sales-3,sales,employee,engineering-code,engineering,confidential,read,managed,low,0,1
1695,15,18,engineering-1,engineering,employee,sales-crm,sales,internal,read,managed,low,1,1
1696,16,1,finance-2,finance,employee,engineering-code,engineering,confidential,read,managed,low,0,1
1697,17,3,sales-1,sales,employee,engineering-code,engineering,confidential,export,managed,low,0,1
1698,18,13,sales-3,sales,employee,finance-payroll,finance,restricted,read,managed,low,0,1
1699,19,14,engineering-2,engineering,employee,finance-payroll,finance,restricted,read,managed,low,0,1
1700,20,23,report-service,sales,service,company-handbook,shared,public,read,unmanaged,low,1,0
1701,21,11,engineering-1,engineering,employee,sales-crm,sales,internal,read,managed,low,1,1
1702,22,10,finance-3,finance,employee,sales-crm,sales,internal,export,managed,low,0,1
1703,23,16,build-service,engineering,service,sales-crm,sales,internal,read,managed,low,1,1
1704,24,14,engineering-3,engineering,employee,finance-payroll,finance,restricted,read,managed,low,0,1
1705,25,2,engineering-1,engineering,employee,finance-payroll,finance,restricted,read,managed,low,0,1
1706,26,10,sales-3,sales,employee,engineering-code,engineering,confidential,read,managed,low,0,1
1707,27,9,finance-2,finance,employee,sales-crm,sales,internal,read,managed,low,0,1
1708,28,10,finance-3,finance,employee,sales-crm,sales,internal,read,managed,low,0,1
1709,29,5,engineering-3,engineering,employee,engineering-code,engineering,confidential,export,managed,low,1,1
1710,30,2,sales-1,sales,employee,engineering-code,engineering,confidential,read,managed,low,0,1
1711,1,10,finance-2,finance,employee,finance-payroll,finance,restricted,read,unmanaged,low,1,1
1712,2,20,sales-3,sales,employee,engineering-code,engineering,confidential,export,managed,high,0,1
1713,3,19,sales-1,sales,employee,finance-payroll,finance,restricted,read,managed,low,0,1
1714,4,6,finance-3,finance,employee,finance-payroll,finance,restricted,read,managed,low,1,0
1715,5,12,finance-3,finance,employee,company-handbook,shared,public,export,managed,low,1,0
1716,6,19,finance-1,finance,employee,finance-payroll,finance,restricted,read,managed,low,1,0
1717,7,1,sales-1,sales,employee,sales-crm,sales,internal,read,managed,low,1,0
1718,8,12,sales-3,sales,employee,company-handbook,shared,public,export,managed,low,1,0
1719,9,1,engineering-3,engineering,employee,company-handbook,shared,public,read,managed,low,1,0
1720,10,0,finance-1,finance,employee,sales-crm,sales,internal,read,managed,low,1,1
1721,11,11,sales-1,sales,employee,finance-payroll,finance,restricted,read,managed,low,0,1
1722,12,5,engineering-2,engineering,employee,engineering-code,engineering,confidential,read,managed,low,1,0
1723,13,21,sales-2,sales,employee,finance-payroll,finance,restricted,read,managed,low,0,1
1724,14,17,finance-2,finance,employee,company-handbook,shared,public,read,managed,low,1,0
1725,15,23,sales-1,sales,employee,engineering-code,engineering,confidential,read,managed,low,0,1
1726,16,8,sales-3,sales,employee,company-handbook,shared,public,read,managed,low,1,0
1727,17,5,report-service,sales,service,sales-crm,sales,internal,read,managed,low,1,0
1728,18,23,engineering-1,engineering,employee,engineering-code,engineering,confidential,read,managed,low,1,0
1729,19,21,security-admin,security,admin,engineering-code,engineering,confidential,read,unmanaged,low,1,1
1730,20,2,finance-3,finance,employee,sales-crm,sales,internal,read,managed,low,0,1
1731,21,19,report-service,sales,service,finance-payroll,finance,restricted,read,managed,low,1,1
1732,22,15,finance-3,finance,employee,engineering-code,engineering,confidential,read,managed,low,0,1
1733,23,17,security-admin,security,admin,sales-crm,sales,internal,read,unmanaged,low,1,1
1734,24,20,engineering-1,engineering,employee,company-handbook,shared,public,read,managed,low,1,0
1735,25,21,finance-3,finance,employee,engineering-code,engineering,confidential,read,managed,low,0,1
1736,26,13,security-admin,security,admin,engineering-code,engineering,confidential,read,managed,low,1,0
1737,27,14,security-admin,security,admin,company-handbook,shared,public,read,managed,low,1,0
1738,28,20,security-admin,security,admin,company-handbook,shared,public,read,managed,low,1,0
1739,29,18,finance-3,finance,employee,sales-crm,sales,internal,read,managed,low,0,1
1740,30,11,engineering-2,engineering,employee,sales-crm,sales,internal,read,managed,low,0,1
1741,1,14,engineering-1,engineering,employee,company-handbook,shared,public,read,unmanaged,low,1,0
1742,2,13,security-admin,security,admin,sales-crm,sales,internal,read,managed,low,1,0
1743,3,7,sales-3,sales,employee,sales-crm,sales,internal,read,managed,low,1,0
1744,4,7,finance-3,finance,employee,finance-payroll,finance,restricted,read,managed,low,1,0
1745,5,22,sales-3,sales,employee,finance-payroll,finance,restricted,read,unmanaged,low,0,1
1746,6,2,engineering-3,engineering,employee,finance-payroll,finance,restricted,read,managed,low,0,1
1747,7,0,sales-3,sales,employee,engineering-code,engineering,confidential,read,managed,low,0,1
1748,8,17,engineering-3,engineering,employee,finance-payroll,finance,restricted,read,unmanaged,low,0,1
1749,9,17,sales-1,sales,employee,sales-crm,sales,internal,read,managed,low,1,0
1750,10,15,engineering-2,engineering,employee,finance-payroll,finance,restricted,read,unmanaged,low,0,1
1751,11,15,sales-1,sales,employee,company-handbook,shared,public,read,managed,low,1,0
1752,12,0,build-service,engineering,service,finance-payroll,finance,restricted,read,managed,low,0,1
1753,13,12,engineering-3,engineering,employee,finance-payroll,finance,restricted,read,managed,low,0,1
1754,14,0,sales-2,sales,employee,sales-crm,sales,internal,export,managed,low,1,0
1755,15,11,sales-3,sales,employee,company-handbook,shared,public,read,managed,low,1,0
1756,16,15,engineering-3,engineering,employee,finance-payroll,finance,restricted,export,managed,low,1,1
1757,17,9,build-service,engineering,service,company-handbook,shared,public,read,managed,high,1,1
1758,18,3,finance-1,finance,employee,sales-crm,sales,internal,read,managed,low,1,1
1759,19,4,engineering-3,engineering,employee,engineering-code,engineering,confidential,read,managed,low,1,0
1760,20,16,sales-1,sales,employee,finance-payroll,finance,restricted,read,managed,low,0,1
1761,21,12,engineering-3,engineering,employee,company-handbook,shared,public,export,unmanaged,low,1,0
1762,22,0,finance-1,finance,employee,engineering-code,engineering,confidential,read,managed,low,0,1
1763,23,16,sales-3,sales,employee,finance-payroll,finance,restricted,read,managed,low,0,1
1764,24,22,engineering-3,engineering,employee,sales-crm,sales,internal,export,managed,low,0,1
1765,25,14,finance-2,finance,employee,engineering-code,engineering,confidential,read,managed,low,0,1
1766,26,11,engineering-1,engineering,employee,sales-crm,sales,internal,read,managed,low,1,1
1767,27,22,build-service,engineering,service,company-handbook,shared,public,export,managed,low,1,0
1768,28,6,sales-3,sales,employee,engineering-code,engineering,confidential,export,managed,low,0,1
1769,29,0,sales-1,sales,employee,finance-payroll,finance,restricted,read,managed,low,0,1
1770,30,15,finance-2,finance,employee,engineering-code,engineering,confidential,read,managed,low,0,1
1771,1,15,sales-3,sales,employee,finance-payroll,finance,restricted,read,managed,low,0,1
1772,2,16,sales-1,sales,employee,sales-crm,sales,internal,read,managed,low,1,0
1773,3,7,engineering-3,engineering,employee,finance-payroll,finance,restricted,read,managed,low,0,1
1774,4,4,finance-2,finance,employee,finance-payroll,finance,restricted,read,managed,low,1,0
1775,5,19,engineering-3,engineering,employee,company-handbook,shared,public,export,managed,low,1,0
1776,6,16,finance-3,finance,employee,company-handbook,shared,public,read,managed,low,1,0
1777,7,13,engineering-1,engineering,employee,sales-crm,sales,internal,read,managed,low,1,1
1778,8,7,finance-3,finance,employee,sales-crm,sales,internal,export,managed,low,0,1
1779,9,0,engineering-3,engineering,employee,sales-crm,sales,internal,read,managed,low,1,1
1780,10,4,engineering-2,engineering,employee,company-handbook,shared,public,read,managed,low,1,0
1781,11,0,engineering-1,engineering,employee,engineering-code,engineering,confidential,read,managed,low,1,0
1782,12,2,security-admin,security,admin,engineering-code,engineering,confidential,read,managed,low,1,0
1783,13,12,finance-2,finance,employee,engineering-code,engineering,confidential,read,managed,low,0,1
1784,14,6,security-admin,security,admin,engineering-code,engineering,confidential,read,managed,low,1,0
1785,15,10,report-service,sales,service,company-handbook,shared,public,read,managed,low,1,0
1786,16,23,report-service,sales,service,engineering-code,engineering,confidential,read,managed,low,0,1
1787,17,10,security-admin,security,admin,sales-crm,sales,internal,read,managed,low,1,0
1788,18,19,build-service,engineering,service,finance-payroll,finance,restricted,read,managed,low,0,1
1789,19,14,security-admin,security,admin,sales-crm,sales,internal,read,managed,low,1,0
1790,20,8,engineering-1,engineering,employee,finance-payroll,finance,restricted,read,unmanaged,low,0,1
1791,21,14,engineering-2,engineering,employee,sales-crm,sales,internal,export,managed,low,1,1
1792,22,4,engineering-3,engineering,employee,sales-crm,sales,internal,read,managed,low,1,1
1793,23,3,engineering-2,engineering,employee,company-handbook,shared,public,read,managed,low,1,0
1794,24,1,finance-3,finance,employee,finance-payroll,finance,restricted,read,managed,low,1,0
1795,25,1,finance-1,finance,employee,sales-crm,sales,internal,read,managed,low,1,1
1796,26,5,security-admin,security,admin,engineering-code,engineering,confidential,read,managed,low,1,0
1797,27,19,sales-1,sales,employee,finance-payroll,finance,restricted,read,unmanaged,low,0,1
1798,28,10,engineering-3,engineering,employee,engineering-code,engineering,confidential,read,managed,low,1,0
1799,29,8,engineering-2,engineering,employee,finance-payroll,finance,restricted,read,managed,low,0,1
1800,30,20,engineering-1,engineering,employee,sales-crm,sales,internal,read,managed,low,1,1
1801,1,6,engineering-1,engineering,employee,sales-crm,sales,internal,export,managed,low,0,1
1802,2,4,sales-2,sales,employee,sales-crm,sales,internal,read,managed,low,1,0
1803,3,23,security-admin,security,admin,sales-crm,sales,internal,read,managed,low,1,0
1804,4,3,engineering-3,engineering,employee,company-handbook,shared,public,read,managed,low,1,0
1805,5,7,build-service,engineering,service,sales-crm,sales,internal,read,managed,low,1,1
1806,6,2,sales-3,sales,employee,company-handbook,shared,public,read,managed,low,1,0
1807,7,0,engineering-2,engineering,employee,sales-crm,sales,internal,read,managed,low,0,1
1808,8,23,engineering-2,engineering,employee,sales-crm,sales,internal,read,managed,low,0,1
1809,9,9,finance-3,finance,employee,company-handbook,shared,public,read,managed,low,1,0
1810,10,7,sales-1,sales,employee,finance-payroll,finance,restricted,read,managed,low,0,1
1811,11,19,finance-2,finance,employee,engineering-code,engineering,confidential,read,managed,low,0,1
1812,12,21,engineering-2,engineering,employee,finance-payroll,finance,restricted,read,managed,low,0,1
1813,13,18,finance-3,finance,employee,engineering-code,engineering,confidential,read,managed,low,0,1
1814,14,1,finance-1,finance,employee,engineering-code,engineering,confidential,read,managed,low,0,1
1815,15,16,finance-1,finance,employee,company-handbook,shared,public,read,managed,low,1,0
1816,16,3,engineering-2,engineering,employee,company-handbook,shared,public,export,managed,low,1,0
1817,17,20,sales-1,sales,employee,engineering-code,engineering,confidential,read,managed,low,0,1
1818,18,15,finance-2,finance,employee,finance-payroll,finance,restricted,read,managed,low,1,0
1819,19,2,finance-1,finance,employee,sales-crm,sales,internal,read,managed,low,1,1
1820,20,17,finance-2,finance,employee,engineering-code,engineering,confidential,read,managed,low,0,1
1821,21,7,security-admin,security,admin,finance-payroll,finance,restricted,read,managed,low,1,0
1822,22,16,engineering-1,engineering,employee,engineering-code,engineering,confidential,read,unmanaged,high,1,1
1823,23,5,finance-3,finance,employee,finance-payroll,finance,restricted,read,managed,low,1,0
1824,24,11,build-service,engineering,service,engineering-code,engineering,confidential,export,managed,low,1,1
1825,25,22,engineering-2,engineering,employee,sales-crm,sales,internal,read,managed,low,0,1
1826,26,1,engineering-3,engineering,employee,finance-payroll,finance,restricted,read,managed,low,0,1
1827,27,15,build-service,engineering,service,company-handbook,shared,public,read,managed,low,1,0
1828,28,8,sales-2,sales,employee,sales-crm,sales,internal,read,managed,low,1,0
1829,29,9,engineering-3,engineering,employee,engineering-code,engineering,confidential,read,managed,low,1,0
1830,30,11,finance-2,finance,employee,company-handbook,shared,public,read,managed,low,1,0
1831,1,1,build-service,engineering,service,finance-payroll,finance,restricted,read,managed,low,0,1
1832,2,7,engineering-1,engineering,employee,finance-payroll,finance,restricted,read,managed,low,0,1
1833,3,23,finance-2,finance,employee,company-handbook,shared,public,read,managed,low,1,0
1834,4,4,finance-2,finance,employee,sales-crm,sales,internal,read,managed,low,0,1
1835,5,12,build-service,engineering,service,finance-payroll,finance,restricted,read,managed,low,0,1
1836,6,3,engineering-1,engineering,employee,finance-payroll,finance,restricted,read,managed,low,0,1
1837,7,5,report-service,sales,service,finance-payroll,finance,restricted,export,managed,low,0,1
1838,8,15,report-service,sales,service,sales-crm,sales,internal,read,managed,low,1,0
1839,9,21,security-admin,security,admin,engineering-code,engineering,confidential,read,unmanaged,low,1,1
1840,10,1,sales-3,sales,employee,company-handbook,shared,public,read,managed,low,1,0
1841,11,13,finance-3,finance,employee,engineering-code,engineering,confidential,read,unmanaged,low,0,1
1842,12,4,engineering-3,engineering,employee,finance-payroll,finance,restricted,read,managed,low,0,1
1843,13,0,security-admin,security,admin,sales-crm,sales,internal,read,managed,low,1,0
1844,14,9,sales-2,sales,employee,engineering-code,engineering,confidential,read,managed,low,1,1
1845,15,17,engineering-2,engineering,employee,finance-payroll,finance,restricted,read,managed,low,0,1
1846,16,1,build-service,engineering,service,finance-payroll,finance,restricted,read,managed,low,0,1
1847,17,7,engineering-2,engineering,employee,engineering-code,engineering,confidential,read,managed,low,1,0
1848,18,1,engineering-2,engineering,employee,engineering-code,engineering,confidential,read,managed,low,1,0
1849,19,20,engineering-1,engineering,employee,company-handbook,shared,public,read,managed,low,1,0
1850,20,4,sales-3,sales,employee,sales-crm,sales,internal,read,managed,low,1,0
1851,21,17,finance-1,finance,employee,finance-payroll,finance,restricted,read,managed,low,1,0
1852,22,16,engineering-3,engineering,employee,finance-payroll,finance,restricted,export,unmanaged,low,1,1
1853,23,9,finance-2,finance,employee,engineering-code,engineering,confidential,export,managed,low,0,1
1854,24,13,finance-2,finance,employee,company-handbook,shared,public,read,managed,low,1,0
1855,25,0,engineering-3,engineering,employee,finance-payroll,finance,restricted,export,managed,low,1,1
1856,26,22,finance-1,finance,employee,sales-crm,sales,internal,read,managed,low,1,1
1857,27,6,engineering-2,engineering,employee,sales-crm,sales,internal,read,managed,low,0,1
1858,28,11,sales-1,sales,employee,finance-payroll,finance,restricted,read,managed,low,0,1
1859,29,7,engineering-2,engineering,employee,company-handbook,shared,public,export,managed,low,1,0
1860,30,2,sales-3,sales,employee,engineering-code,engineering,confidential,read,managed,low,0,1
1861,1,16,sales-3,sales,employee,engineering-code,engineering,confidential,export,managed,low,0,1
1862,2,4,finance-2,finance,employee,finance-payroll,finance,restricted,read,managed,low,1,0
1863,3,17,build-service,engineering,service,engineering-code,engineering,confidential,read,managed,low,1,0
1864,4,13,engineering-3,engineering,employee,company-handbook,shared,public,read,managed,low,1,0
1865,5,1,security-admin,security,admin,finance-payroll,finance,restricted,read,managed,low,1,0
1866,6,18,finance-2,finance,employee,engineering-code,engineering,confidential,read,managed,high,0,1
1867,7,4,build-service,engineering,service,company-handbook,shared,public,read,unmanaged,low,1,0
1868,8,8,finance-1,finance,employee,engineering-code,engineering,confidential,read,managed,low,0,1
1869,9,9,engineering-3,engineering,employee,sales-crm,sales,internal,read,managed,low,1,1
1870,10,3,sales-3,sales,employee,sales-crm,sales,internal,export,unmanaged,low,1,1
1871,11,1,finance-2,finance,employee,sales-crm,sales,internal,read,managed,low,0,1
1872,12,20,report-service,sales,service,sales-crm,sales,internal,read,managed,low,1,0
1873,13,1,engineering-3,engineering,employee,engineering-code,engineering,confidential,read,managed,low,1,0
1874,14,11,finance-3,finance,employee,company-handbook,shared,public,read,managed,low,1,0
1875,15,15,sales-1,sales,employee,company-handbook,shared,public,read,managed,low,1,0
1876,16,13,sales-2,sales,employee,sales-crm,sales,internal,read,managed,low,1,0
1877,17,10,build-service,engineering,service,finance-payroll,finance,restricted,read,managed,low,0,1
1878,18,21,build-service,engineering,service,finance-payroll,finance,restricted,read,managed,low,0,1
1879,19,22,finance-3,finance,employee,sales-crm,sales,internal,read,managed,low,0,1
1880,20,7,sales-2,sales,employee,company-handbook,shared,public,read,managed,low,1,0
1881,21,7,finance-1,finance,employee,finance-payroll,finance,restricted,read,managed,low,1,0
1882,22,5,finance-3,finance,employee,sales-crm,sales,internal,read,managed,low,0,1
1883,23,17,sales-3,sales,employee,company-handbook,shared,public,read,managed,low,1,0
1884,24,13,finance-2,finance,employee,company-handbook,shared,public,read,managed,low,1,0
1885,25,17,engineering-2,engineering,employee,company-handbook,shared,public,read,managed,low,1,0
1886,26,7,finance-3,finance,employee,sales-crm,sales,internal,export,managed,low,0,1
1887,27,10,finance-2,finance,employee,company-handbook,shared,public,read,managed,low,1,0
1888,28,8,build-service,engineering,service,company-handbook,shared,public,export,managed,low,1,0
1889,29,1,security-admin,security,admin,company-handbook,shared,public,read,managed,low,1,0
1890,30,13,security-admin,security,admin,finance-payroll,finance,restricted,read,managed,low,1,0
1891,1,9,engineering-2,engineering,employee,finance-payroll,finance,restricted,read,managed,low,0,1
1892,2,12,engineering-2,engineering,employee,company-handbook,shared,public,read,managed,low,1,0
1893,3,8,engineering-2,engineering,employee,company-handbook,shared,public,export,managed,low,1,0
1894,4,7,engineering-3,engineering,employee,finance-payroll,finance,restricted,read,managed,low,0,1
1895,5,13,sales-1,sales,employee,engineering-code,engineering,confidential,read,managed,low,0,1
1896,6,21,build-service,engineering,service,sales-crm,sales,internal,read,managed,low,1,1
1897,7,16,engineering-1,engineering,employee,finance-payroll,finance,restricted,read,managed,low,0,1
1898,8,4,engineering-1,engineering,employee,company-handbook,shared,public,read,managed,low,1,0
1899,9,1,sales-1,sales,employee,sales-crm,sales,internal,read,managed,low,1,0
1900,10,17,engineering-3,engineering,employee,finance-payroll,finance,restricted,read,managed,low,0,1
1901,11,5,engineering-1,engineering,employee,finance-payroll,finance,restricted,read,managed,low,0,1
1902,12,9,sales-3,sales,employee,finance-payroll,finance,restricted,read,managed,low,0,1
1903,13,20,engineering-2,engineering,employee,engineering-code,engineering,confidential,read,managed,low,1,0
1904,14,15,sales-2,sales,employee,sales-crm,sales,internal,read,managed,low,1,0
1905,15,16,engineering-3,engineering,employee,sales-crm,sales,internal,read,managed,low,1,1
1906,16,9,finance-2,finance,employee,engineering-code,engineering,confidential,read,managed,low,0,1
1907,17,6,finance-1,finance,employee,finance-payroll,finance,restricted,read,managed,low,1,0
1908,18,9,security-admin,security,admin,sales-crm,sales,internal,export,managed,low,1,0
1909,19,0,sales-3,sales,employee,finance-payroll,finance,restricted,read,managed,low,0,1
1910,20,13,sales-2,sales,employee,finance-payroll,finance,restricted,read,managed,low,0,1
1911,21,13,report-service,sales,service,engineering-code,engineering,confidential,read,managed,low,0,1
1912,22,13,sales-1,sales,employee,company-handbook,shared,public,read,managed,low,1,0
1913,23,16,finance-3,finance,employee,engineering-code,engineering,confidential,read,managed,low,0,1
1914,24,6,sales-1,sales,employee,finance-payroll,finance,restricted,read,managed,low,0,1
1915,25,8,security-admin,security,admin,finance-payroll,finance,restricted,read,managed,low,1,0
1916,26,13,engineering-1,engineering,employee,company-handbook,shared,public,read,managed,high,1,1
1917,27,22,finance-2,finance,employee,finance-payroll,finance,restricted,read,managed,low,1,0
1918,28,11,sales-2,sales,employee,finance-payroll,finance,restricted,read,managed,low,0,1
1919,29,1,sales-2,sales,employee,finance-payroll,finance,restricted,read,managed,low,0,1
1920,30,13,finance-3,finance,employee,finance-payroll,finance,restricted,read,managed,low,1,0
1921,1,1,security-admin,security,admin,sales-crm,sales,internal,read,managed,low,1,0
1922,2,13,finance-1,finance,employee,engineering-code,engineering,confidential,export,managed,high,0,1
1923,3,2,finance-2,finance,employee,engineering-code,engineering,confidential,read,managed,high,0,1
1924,4,15,engineering-1,engineering,employee,engineering-code,engineering,confidential,read,managed,low,1,0
1925,5,1,report-service,sales,service,company-handbook,shared,public,read,managed,low,1,0
1926,6,5,finance-1,finance,employee,company-handbook,shared,public,read,managed,low,1,0
1927,7,10,finance-2,finance,employee,sales-crm,sales,internal,read,managed,low,0,1
1928,8,12,finance-1,finance,employee,engineering-code,engineering,confidential,read,managed,low,0,1
1929,9,21,report-service,sales,service,sales-crm,sales,internal,read,managed,low,1,0
1930,10,14,engineering-3,engineering,employee,finance-payroll,finance,restricted,read,managed,low,0,1
1931,11,19,finance-3,finance,employee,engineering-code,engineering,confidential,read,managed,low,0,1
1932,12,5,engineering-1,engineering,employee,finance-payroll,finance,restricted,export,managed,low,0,1
1933,13,17,engineering-1,engineering,employee,engineering-code,engineering,confidential,read,unmanaged,low,1,1
1934,14,13,finance-3,finance,employee,sales-crm,sales,internal,read,unmanaged,high,0,1
1935,15,9,engineering-3,engineering,employee,company-handbook,shared,public,read,unmanaged,low,1,0
1936,16,11,finance-3,finance,employee,engineering-code,engineering,confidential,read,managed,low,0,1
1937,17,0,security-admin,security,admin,company-handbook,shared,public,read,managed,low,1,0
1938,18,9,finance-3,finance,employee,company-handbook,shared,public,read,managed,low,1,0
1939,19,21,finance-3,finance,employee,finance-payroll,finance,restricted,export,managed,low,1,1
1940,20,5,engineering-1,engineering,employee,finance-payroll,finance,restricted,read,unmanaged,low,0,1
1941,21,10,sales-3,sales,employee,sales-crm,sales,internal,read,managed,low,1,0
1942,22,5,engineering-3,engineering,employee,sales-crm,sales,internal,read,managed,low,1,1
1943,23,9,engineering-1,engineering,employee,sales-crm,sales,internal,read,managed,low,1,1
1944,24,4,finance-1,finance,employee,finance-payroll,finance,restricted,read,managed,low,1,0
1945,25,4,report-service,sales,service,company-handbook,shared,public,read,managed,low,1,0
1946,26,5,engineering-1,engineering,employee,finance-payroll,finance,restricted,read,managed,low,0,1
1947,27,4,sales-2,sales,employee,engineering-code,engineering,confidential,read,managed,low,1,1
1948,28,0,finance-2,finance,employee,finance-payroll,finance,restricted,read,managed,low,1,0
1949,29,5,finance-2,finance,employee,company-handbook,shared,public,read,managed,low,1,0
1950,30,2,sales-3,sales,employee,finance-payroll,finance,restricted,read,managed,low,0,1
1951,1,2,security-admin,security,admin,sales-crm,sales,internal,read,managed,low,1,0
1952,2,9,finance-2,finance,employee,engineering-code,engineering,confidential,read,managed,low,0,1
1953,3,23,build-service,engineering,service,sales-crm,sales,internal,read,managed,low,1,1
1954,4,15,build-service,engineering,service,company-handbook,shared,public,read,managed,low,1,0
1955,5,12,sales-1,sales,employee,finance-payroll,finance,restricted,read,managed,low,0,1
1956,6,16,sales-1,sales,employee,company-handbook,shared,public,export,managed,low,1,0
1957,7,8,finance-1,finance,employee,engineering-code,engineering,confidential,export,managed,low,0,1
1958,8,10,security-admin,security,admin,company-handbook,shared,public,read,managed,low,1,0
1959,9,20,report-service,sales,service,sales-crm,sales,internal,read,managed,low,1,0
1960,10,7,finance-2,finance,employee,company-handbook,shared,public,read,managed,low,1,0
1961,11,11,engineering-1,engineering,employee,engineering-code,engineering,confidential,read,managed,low,1,0
1962,12,6,sales-3,sales,employee,finance-payroll,finance,restricted,read,managed,low,0,1
1963,13,6,engineering-1,engineering,employee,company-handbook,shared,public,read,managed,low,1,0
1964,14,15,security-admin,security,admin,engineering-code,engineering,confidential,read,unmanaged,low,1,1
1965,15,0,sales-2,sales,employee,finance-payroll,finance,restricted,read,unmanaged,low,0,1
1966,16,23,engineering-2,engineering,employee,finance-payroll,finance,restricted,read,managed,low,0,1
1967,17,16,finance-2,finance,employee,finance-payroll,finance,restricted,read,managed,low,1,0
1968,18,8,security-admin,security,admin,sales-crm,sales,internal,read,unmanaged,low,1,1
1969,19,20,engineering-3,engineering,employee,sales-crm,sales,internal,read,managed,low,1,1
1970,20,4,sales-3,sales,employee,engineering-code,engineering,confidential,read,managed,low,0,1
1971,21,2,finance-1,finance,employee,sales-crm,sales,internal,read,managed,low,1,1
1972,22,20,engineering-1,engineering,employee,finance-payroll,finance,restricted,read,managed,low,0,1
1973,23,7,engineering-1,engineering,employee,finance-payroll,finance,restricted,read,managed,low,0,1
1974,24,2,sales-1,sales,employee,sales-crm,sales,internal,export,unmanaged,low,1,1
1975,25,7,finance-2,finance,employee,engineering-code,engineering,confidential,read,managed,low,0,1
1976,26,8,report-service,sales,service,engineering-code,engineering,confidential,export,managed,low,0,1
1977,27,15,finance-1,finance,employee,company-handbook,shared,public,read,managed,low,1,0
1978,28,23,finance-2,finance,employee,company-handbook,shared,public,read,managed,low,1,0
1979,29,5,sales-3,sales,employee,sales-crm,sales,internal,read,managed,low,1,0
1980,30,13,sales-3,sales,employee,engineering-code,engineering,confidential,read,unmanaged,low,0,1
1981,1,11,engineering-1,engineering,employee,finance-payroll,finance,restricted,export,unmanaged,low,0,1
1982,2,15,build-service,engineering,service,sales-crm,sales,internal,read,managed,low,1,1
1983,3,16,engineering-2,engineering,employee,engineering-code,engineering,confidential,read,managed,low,1,0
1984,4,7,engineering-2,engineering,employee,sales-crm,sales,internal,read,managed,low,0,1
1985,5,16,engineering-1,engineering,employee,engineering-code,engineering,confidential,read,managed,low,1,0
1986,6,13,finance-1,finance,employee,finance-payroll,finance,restricted,read,managed,low,1,0
1987,7,7,engineering-3,engineering,employee,company-handbook,shared,public,read,managed,low,1,0
1988,8,16,report-service,sales,service,sales-crm,sales,internal,read,managed,low,1,0
1989,9,19,sales-1,sales,employee,sales-crm,sales,internal,read,managed,low,1,0
1990,10,0,finance-2,finance,employee,engineering-code,engineering,confidential,read,managed,low,0,1
1991,11,18,sales-1,sales,employee,sales-crm,sales,internal,read,managed,low,1,0
1992,12,3,finance-1,finance,employee,sales-crm,sales,internal,read,managed,low,1,1
1993,13,7,engineering-2,engineering,employee,finance-payroll,finance,restricted,read,managed,low,0,1
1994,14,18,report-service,sales,service,sales-crm,sales,internal,read,managed,low,1,0
1995,15,23,finance-2,finance,employee,company-handbook,shared,public,read,managed,low,1,0
1996,16,16,sales-3,sales,employee,sales-crm,sales,internal,read,managed,low,1,0
1997,17,6,engineering-1,engineering,employee,engineering-code,engineering,confidential,export,unmanaged,low,1,1
1998,18,7,build-service,engineering,service,company-handbook,shared,public,read,managed,low,1,0
1999,19,11,finance-2,finance,employee,finance-payroll,finance,restricted,read,managed,low,1,0
2000,20,10,security-admin,security,admin,engineering-code,engineering,confidential,read,managed,low,1,0
2001,21,4,sales-2,sales,employee,finance-payroll,finance,restricted,read,managed,low,0,1
2002,22,16,security-admin,security,admin,engineering-code,engineering,confidential,read,managed,low,1,0
2003,23,6,sales-2,sales,employee,finance-payroll,finance,restricted,read,unmanaged,high,0,1
2004,24,14,sales-3,sales,employee,company-handbook,shared,public,read,managed,low,1,0
2005,25,8,sales-3,sales,employee,sales-crm,sales,internal,read,managed,low,1,0
2006,26,11,report-service,sales,service,sales-crm,sales,internal,read,managed,low,1,0
2007,27,10,security-admin,security,admin,finance-payroll,finance,restricted,read,managed,low,1,0
2008,28,4,finance-2,finance,employee,finance-payroll,finance,restricted,read,managed,low,1,0
2009,29,17,report-service,sales,service,finance-payroll,finance,restricted,read,managed,low,1,1
2010,30,19,finance-2,finance,employee,sales-crm,sales,internal,read,managed,low,0,1
2011,1,16,sales-3,sales,employee,engineering-code,engineering,confidential,read,managed,high,0,1
2012,2,8,sales-2,sales,employee,engineering-code,engineering,confidential,read,managed,low,1,1
2013,3,3,finance-3,finance,employee,engineering-code,engineering,confidential,export,managed,low,1,1
2014,4,1,finance-1,finance,employee,sales-crm,sales,internal,read,managed,high,1,1
2015,5,7,engineering-1,engineering,employee,company-handbook,shared,public,read,managed,low,1,0
2016,6,5,report-service,sales,service,company-handbook,shared,public,read,managed,low,1,0
2017,7,6,security-admin,security,admin,finance-payroll,finance,restricted,read,managed,low,1,0
2018,8,0,engineering-1,engineering,employee,finance-payroll,finance,restricted,read,managed,low,0,1
2019,9,10,sales-3,sales,employee,company-handbook,shared,public,read,managed,low,1,0
2020,10,17,sales-3,sales,employee,sales-crm,sales,internal,read,managed,low,1,0
2021,11,17,finance-3,finance,employee,finance-payroll,finance,restricted,read,managed,low,1,0
2022,12,4,finance-1,finance,employee,company-handbook,shared,public,read,managed,low,1,0
2023,13,18,report-service,sales,service,finance-payroll,finance,restricted,read,managed,low,1,1
2024,14,20,engineering-3,engineering,employee,sales-crm,sales,internal,export,unmanaged,low,0,1
2025,15,22,finance-2,finance,employee,finance-payroll,finance,restricted,export,managed,low,1,1
2026,16,4,engineering-3,engineering,employee,sales-crm,sales,internal,read,managed,low,1,1
2027,17,12,finance-1,finance,employee,engineering-code,engineering,confidential,read,managed,low,0,1
2028,18,5,finance-3,finance,employee,finance-payroll,finance,restricted,read,managed,low,1,0
2029,19,4,engineering-3,engineering,employee,finance-payroll,finance,restricted,export,managed,low,1,1
2030,20,21,sales-2,sales,employee,finance-payroll,finance,restricted,read,managed,low,0,1
2031,21,15,sales-2,sales,employee,sales-crm,sales,internal,read,managed,low,1,0
2032,22,7,finance-3,finance,employee,engineering-code,engineering,confidential,read,managed,low,0,1
2033,23,14,sales-1,sales,employee,company-handbook,shared,public,read,managed,low,1,0
2034,24,11,build-service,engineering,service,company-handbook,shared,public,read,unmanaged,low,1,0
2035,25,3,build-service,engineering,service,engineering-code,engineering,confidential,read,unmanaged,low,1,1
2036,26,18,finance-3,finance,employee,engineering-code,engineering,confidential,read,unmanaged,low,0,1
2037,27,23,build-service,engineering,service,sales-crm,sales,internal,read,managed,low,1,1
2038,28,9,finance-2,finance,employee,finance-payroll,finance,restricted,export,managed,low,1,1
2039,29,9,engineering-3,engineering,employee,finance-payroll,finance,restricted,read,managed,low,0,1
2040,30,0,security-admin,security,admin,sales-crm,sales,internal,read,managed,low,1,0
2041,1,21,engineering-3,engineering,employee,finance-payroll,finance,restricted,read,managed,low,0,1
2042,2,4,finance-2,finance,employee,sales-crm,sales,internal,read,managed,low,0,1
2043,3,9,report-service,sales,service,finance-payroll,finance,restricted,read,managed,low,1,1
2044,4,2,sales-3,sales,employee,sales-crm,sales,internal,read,unmanaged,low,1,1
2045,5,7,sales-2,sales,employee,sales-crm,sales,internal,export,managed,low,1,0
2046,6,3,finance-1,finance,employee,finance-payroll,finance,restricted,read,managed,low,1,0
2047,7,1,finance-1,finance,employee,finance-payroll,finance,restricted,read,managed,low,1,0
2048,8,14,security-admin,security,admin,finance-payroll,finance,restricted,read,managed,low,1,0
2049,9,3,engineering-2,engineering,employee,engineering-code,engineering,confidential,read,managed,low,1,0
2050,10,22,engineering-2,engineering,employee,engineering-code,engineering,confidential,export,managed,low,1,1
2051,11,1,finance-1,finance,employee,finance-payroll,finance,restricted,export,managed,low,1,1
2052,12,15,finance-1,finance,employee,engineering-code,engineering,confidential,read,managed,low,0,1
2053,13,3,finance-3,finance,employee,sales-crm,sales,internal,read,managed,low,0,1
2054,14,19,engineering-1,engineering,employee,finance-payroll,finance,restricted,read,managed,low,0,1
2055,15,15,security-admin,security,admin,engineering-code,engineering,confidential,export,managed,low,1,1
2056,16,11,sales-2,sales,employee,sales-crm,sales,internal,read,managed,low,1,0
2057,17,2,finance-1,finance,employee,finance-payroll,finance,restricted,export,managed,low,1,1
2058,18,15,security-admin,security,admin,sales-crm,sales,internal,read,managed,high,1,1
2059,19,5,engineering-2,engineering,employee,sales-crm,sales,internal,read,managed,low,0,1
2060,20,6,sales-2,sales,employee,sales-crm,sales,internal,read,unmanaged,low,1,1
2061,21,21,finance-3,finance,employee,sales-crm,sales,internal,read,managed,low,0,1
2062,22,0,sales-2,sales,employee,sales-crm,sales,internal,read,managed,low,1,0
2063,23,19,engineering-2,engineering,employee,engineering-code,engineering,confidential,read,managed,low,1,0
2064,24,16,sales-2,sales,employee,company-handbook,shared,public,read,managed,low,1,0
2065,25,14,finance-2,finance,employee,finance-payroll,finance,restricted,read,unmanaged,low,1,1
2066,26,4,sales-3,sales,employee,sales-crm,sales,internal,read,managed,low,1,0
2067,27,14,sales-1,sales,employee,finance-payroll,finance,restricted,read,managed,high,0,1
2068,28,9,sales-2,sales,employee,finance-payroll,finance,restricted,read,managed,low,0,1
2069,29,20,security-admin,security,admin,sales-crm,sales,internal,read,managed,low,1,0
2070,30,13,engineering-2,engineering,employee,engineering-code,engineering,confidential,read,managed,low,1,0
2071,1,16,engineering-3,engineering,employee,sales-crm,sales,internal,read,managed,low,1,1
2072,2,16,sales-2,sales,employee,company-handbook,shared,public,read,managed,low,1,0
2073,3,5,report-service,sales,service,finance-payroll,finance,restricted,read,managed,low,1,1
2074,4,21,build-service,engineering,service,finance-payroll,finance,restricted,read,managed,low,0,1
2075,5,10,finance-2,finance,employee,sales-crm,sales,internal,read,managed,low,0,1
2076,6,0,engineering-2,engineering,employee,company-handbook,shared,public,read,managed,low,1,0
2077,7,18,security-admin,security,admin,finance-payroll,finance,restricted,read,managed,low,1,0
2078,8,22,report-service,sales,service,sales-crm,sales,internal,read,managed,low,1,0
2079,9,2,sales-2,sales,employee,company-handbook,shared,public,read,managed,low,1,0
2080,10,7,report-service,sales,service,engineering-code,engineering,confidential,read,managed,low,0,1
2081,11,5,sales-2,sales,employee,company-handbook,shared,public,read,managed,low,1,0
2082,12,6,build-service,engineering,service,engineering-code,engineering,confidential,read,managed,low,1,0
2083,13,23,report-service,sales,service,engineering-code,engineering,confidential,read,managed,low,0,1
2084,14,11,build-service,engineering,service,engineering-code,engineering,confidential,read,managed,low,1,0
2085,15,0,sales-2,sales,employee,finance-payroll,finance,restricted,read,unmanaged,low,0,1
2086,16,0,sales-2,sales,employee,engineering-code,engineering,confidential,read,managed,low,1,1
2087,17,14,engineering-2,engineering,employee,engineering-code,engineering,confidential,read,managed,low,1,0
2088,18,1,sales-1,sales,employee,sales-crm,sales,internal,export,managed,low,1,0
2089,19,16,finance-3,finance,employee,sales-crm,sales,internal,read,managed,low,0,1
2090,20,1,finance-3,finance,employee,company-handbook,shared,public,read,managed,low,1,0
2091,21,4,finance-1,finance,employee,sales-crm,sales,internal,read,managed,low,1,1
2092,22,7,sales-1,sales,employee,company-handbook,shared,public,read,managed,low,1,0
2093,23,6,engineering-3,engineering,employee,sales-crm,sales,internal,read,unmanaged,low,1,1
2094,24,5,report-service,sales,service,finance-payroll,finance,restricted,read,managed,low,1,1
2095,25,9,finance-2,finance,employee,finance-payroll,finance,restricted,read,managed,low,1,0
2096,26,16,sales-2,sales,employee,engineering-code,engineering,confidential,read,managed,low,1,1
2097,27,13,sales-2,sales,employee,finance-payroll,finance,restricted,read,unmanaged,low,0,1
2098,28,18,engineering-2,engineering,employee,company-handbook,shared,public,read,managed,low,1,0
2099,29,1,sales-3,sales,employee,engineering-code,engineering,confidential,export,managed,low,0,1
2100,30,18,sales-1,sales,employee,company-handbook,shared,public,read,unmanaged,high,1,1
2101,1,8,engineering-1,engineering,employee,finance-payroll,finance,restricted,read,unmanaged,low,0,1
2102,2,20,finance-2,finance,employee,sales-crm,sales,internal,export,managed,low,1,1
2103,3,6,sales-3,sales,employee,finance-payroll,finance,restricted,read,managed,low,0,1
2104,4,15,security-admin,security,admin,sales-crm,sales,internal,read,managed,low,1,0
2105,5,12,finance-3,finance,employee,sales-crm,sales,internal,read,unmanaged,low,0,1
2106,6,11,finance-3,finance,employee,sales-crm,sales,internal,read,managed,low,0,1
2107,7,12,finance-3,finance,employee,sales-crm,sales,internal,export,managed,low,0,1
2108,8,2,sales-2,sales,employee,engineering-code,engineering,confidential,read,unmanaged,high,1,1
2109,9,23,engineering-3,engineering,employee,company-handbook,shared,public,read,managed,low,1,0
2110,10,11,sales-1,sales,employee,engineering-code,engineering,confidential,read,managed,low,0,1
2111,11,2,finance-1,finance,employee,sales-crm,sales,internal,read,managed,low,1,1
2112,12,16,engineering-2,engineering,employee,engineering-code,engineering,confidential,read,managed,low,1,0
2113,13,14,sales-2,sales,employee,company-handbook,shared,public,read,managed,low,1,0
2114,14,21,finance-2,finance,employee,finance-payroll,finance,restricted,read,managed,low,1,0
2115,15,10,engineering-3,engineering,employee,finance-payroll,finance,restricted,read,unmanaged,low,0,1
2116,16,23,finance-1,finance,employee,company-handbook,shared,public,read,managed,low,1,0
2117,17,13,build-service,engineering,service,company-handbook,shared,public,export,managed,low,1,0
2118,18,22,finance-2,finance,employee,engineering-code,engineering,confidential,read,managed,low,0,1
2119,19,13,engineering-1,engineering,employee,company-handbook,shared,public,read,managed,low,1,0
2120,20,13,finance-2,finance,employee,sales-crm,sales,internal,read,managed,low,0,1
2121,21,2,engineering-3,engineering,employee,company-handbook,shared,public,read,managed,low,1,0
2122,22,21,finance-3,finance,employee,finance-payroll,finance,restricted,read,managed,low,1,0
2123,23,17,engineering-2,engineering,employee,engineering-code,engineering,confidential,read,managed,low,1,0
2124,24,16,finance-3,finance,employee,company-handbook,shared,public,read,managed,high,1,1
2125,25,7,sales-3,sales,employee,sales-crm,sales,internal,read,managed,low,1,0
2126,26,19,engineering-3,engineering,employee,company-handbook,shared,public,read,managed,high,1,1
2127,27,13,report-service,sales,service,sales-crm,sales,internal,read,managed,low,1,0
2128,28,4,engineering-2,engineering,employee,finance-payroll,finance,restricted,export,unmanaged,low,0,1
2129,29,14,build-service,engineering,service,finance-payroll,finance,restricted,read,managed,low,0,1
2130,30,4,report-service,sales,service,engineering-code,engineering,confidential,read,managed,low,0,1
2131,1,3,sales-1,sales,employee,finance-payroll,finance,restricted,read,managed,low,0,1
2132,2,23,sales-1,sales,employee,finance-payroll,finance,restricted,read,managed,low,0,1
2133,3,16,finance-1,finance,employee,company-handbook,shared,public,read,managed,low,1,0
2134,4,20,finance-3,finance,employee,finance-payroll,finance,restricted,read,managed,low,1,0
2135,5,18,build-service,engineering,service,company-handbook,shared,public,read,unmanaged,low,1,0
2136,6,10,sales-3,sales,employee,sales-crm,sales,internal,read,managed,high,1,1
2137,7,13,sales-1,sales,employee,company-handbook,shared,public,read,managed,low,1,0
2138,8,20,finance-2,finance,employee,sales-crm,sales,internal,export,unmanaged,low,1,1
2139,9,15,finance-2,finance,employee,sales-crm,sales,internal,read,managed,low,0,1
2140,10,23,engineering-2,engineering,employee,finance-payroll,finance,restricted,read,managed,low,0,1
2141,11,14,sales-3,sales,employee,company-handbook,shared,public,export,managed,low,1,0
2142,12,22,sales-1,sales,employee,finance-payroll,finance,restricted,read,managed,low,0,1
2143,13,16,engineering-1,engineering,employee,finance-payroll,finance,restricted,read,managed,low,0,1
2144,14,4,sales-1,sales,employee,company-handbook,shared,public,read,managed,low,1,0
2145,15,1,report-service,sales,service,engineering-code,engineering,confidential,read,managed,low,0,1
2146,16,1,finance-1,finance,employee,finance-payroll,finance,restricted,export,managed,low,1,1
2147,17,18,finance-2,finance,employee,engineering-code,engineering,confidential,read,managed,low,0,1
2148,18,12,sales-2,sales,employee,sales-crm,sales,internal,read,managed,low,1,0
2149,19,20,finance-3,finance,employee,finance-payroll,finance,restricted,read,managed,low,1,0
2150,20,19,build-service,engineering,service,engineering-code,engineering,confidential,read,managed,low,1,0
2151,21,20,engineering-1,engineering,employee,sales-crm,sales,internal,read,managed,low,1,1
2152,22,6,sales-1,sales,employee,finance-payroll,finance,restricted,read,managed,low,0,1
2153,23,11,finance-2,finance,employee,finance-payroll,finance,restricted,export,managed,low,1,1
2154,24,21,finance-3,finance,employee,engineering-code,engineering,confidential,read,managed,low,0,1
2155,25,16,report-service,sales,service,company-handbook,shared,public,read,managed,low,1,0
2156,26,9,finance-2,finance,employee,sales-crm,sales,internal,read,managed,low,0,1
2157,27,5,sales-3,sales,employee,company-handbook,shared,public,read,managed,low,1,0
2158,28,23,engineering-1,engineering,employee,finance-payroll,finance,restricted,read,managed,low,0,1
2159,29,19,engineering-3,engineering,employee,finance-payroll,finance,restricted,read,unmanaged,low,0,1
2160,30,20,build-service,engineering,service,sales-crm,sales,internal,read,managed,low,1,1
2161,1,3,engineering-1,engineering,employee,company-handbook,shared,public,read,managed,low,1,0
2162,2,12,finance-1,finance,employee,company-handbook,shared,public,read,managed,low,1,0
2163,3,3,security-admin,security,admin,engineering-code,engineering,confidential,read,managed,low,1,0
2164,4,11,engineering-2,engineering,employee,engineering-code,engineering,confidential,read,managed,low,1,0
2165,5,17,build-service,engineering,service,finance-payroll,finance,restricted,read,managed,low,0,1
2166,6,14,engineering-1,engineering,employee,company-handbook,shared,public,read,managed,low,1,0
2167,7,1,report-service,sales,service,company-handbook,shared,public,read,managed,low,1,0
2168,8,9,engineering-3,engineering,employee,sales-crm,sales,internal,read,managed,high,1,1
2169,9,10,engineering-3,engineering,employee,company-handbook,shared,public,read,managed,low,1,0
2170,10,15,engineering-3,engineering,employee,sales-crm,sales,internal,read,managed,low,1,1
2171,11,11,engineering-1,engineering,employee,finance-payroll,finance,restricted,read,managed,low,0,1
2172,12,16,build-service,engineering,service,company-handbook,shared,public,read,managed,low,1,0
2173,13,6,sales-1,sales,employee,company-handbook,shared,public,read,managed,low,1,0
2174,14,15,engineering-1,engineering,employee,engineering-code,engineering,confidential,read,unmanaged,low,1,1
2175,15,0,engineering-1,engineering,employee,finance-payroll,finance,restricted,read,managed,low,0,1
2176,16,9,finance-3,finance,employee,engineering-code,engineering,confidential,read,managed,low,0,1
2177,17,17,finance-3,finance,employee,engineering-code,engineering,confidential,read,managed,low,0,1
2178,18,22,finance-1,finance,employee,sales-crm,sales,internal,read,managed,low,1,1
2179,19,13,engineering-3,engineering,employee,sales-crm,sales,internal,read,managed,low,1,1
2180,20,4,engineering-3,engineering,employee,sales-crm,sales,internal,read,managed,low,1,1
2181,21,1,sales-2,sales,employee,sales-crm,sales,internal,read,unmanaged,low,1,1
2182,22,11,engineering-1,engineering,employee,finance-payroll,finance,restricted,read,managed,low,0,1
2183,23,0,engineering-3,engineering,employee,engineering-code,engineering,confidential,read,managed,low,1,0
2184,24,12,finance-1,finance,employee,company-handbook,shared,public,read,unmanaged,low,1,0
2185,25,11,engineering-1,engineering,employee,sales-crm,sales,internal,read,managed,low,1,1
2186,26,21,sales-1,sales,employee,finance-payroll,finance,restricted,read,managed,low,0,1
2187,27,12,engineering-2,engineering,employee,company-handbook,shared,public,read,managed,low,1,0
2188,28,1,finance-2,finance,employee,sales-crm,sales,internal,export,managed,low,1,1
2189,29,18,report-service,sales,service,sales-crm,sales,internal,read,managed,low,1,0
2190,30,23,finance-3,finance,employee,finance-payroll,finance,restricted,read,managed,low,1,0
2191,1,19,build-service,engineering,service,finance-payroll,finance,restricted,read,managed,low,0,1
2192,2,19,sales-3,sales,employee,sales-crm,sales,internal,read,managed,low,1,0
2193,3,1,security-admin,security,admin,company-handbook,shared,public,read,managed,low,1,0
2194,4,6,sales-1,sales,employee,finance-payroll,finance,restricted,read,managed,low,0,1
2195,5,15,sales-2,sales,employee,engineering-code,engineering,confidential,read,managed,low,1,1
2196,6,1,engineering-2,engineering,employee,company-handbook,shared,public,read,managed,low,1,0
2197,7,1,engineering-2,engineering,employee,sales-crm,sales,internal,read,managed,low,0,1
2198,8,9,security-admin,security,admin,company-handbook,shared,public,read,managed,low,1,0
2199,9,20,finance-2,finance,employee,company-handbook,shared,public,read,unmanaged,low,1,0
2200,10,3,finance-1,finance,employee,company-handbook,shared,public,read,unmanaged,low,1,0
2201,11,14,engineering-1,engineering,employee,sales-crm,sales,internal,read,managed,low,1,1
2202,12,18,engineering-1,engineering,employee,company-handbook,shared,public,read,managed,low,1,0
2203,13,7,build-service,engineering,service,engineering-code,engineering,confidential,read,managed,low,1,0
2204,14,5,report-service,sales,service,engineering-code,engineering,confidential,read,managed,low,0,1
2205,15,3,engineering-1,engineering,employee,engineering-code,engineering,confidential,read,managed,low,1,0
2206,16,2,sales-2,sales,employee,finance-payroll,finance,restricted,read,managed,low,0,1
2207,17,1,engineering-1,engineering,employee,sales-crm,sales,internal,read,managed,low,1,1
2208,18,14,engineering-2,engineering,employee,finance-payroll,finance,restricted,read,managed,low,0,1
2209,19,2,engineering-1,engineering,employee,finance-payroll,finance,restricted,read,managed,low,0,1
2210,20,17,security-admin,security,admin,engineering-code,engineering,confidential,read,managed,low,1,0
2211,21,14,report-service,sales,service,company-handbook,shared,public,read,unmanaged,low,1,0
2212,22,6,report-service,sales,service,engineering-code,engineering,confidential,read,unmanaged,low,0,1
2213,23,12,finance-2,finance,employee,sales-crm,sales,internal,read,managed,low,0,1
2214,24,17,finance-2,finance,employee,engineering-code,engineering,confidential,read,managed,high,0,1
2215,25,14,build-service,engineering,service,company-handbook,shared,public,read,managed,low,1,0
2216,26,21,engineering-2,engineering,employee,company-handbook,shared,public,read,managed,low,1,0
2217,27,17,engineering-2,engineering,employee,sales-crm,sales,internal,read,managed,low,0,1
2218,28,11,report-service,sales,service,engineering-code,engineering,confidential,read,unmanaged,high,0,1
2219,29,4,finance-2,finance,employee,finance-payroll,finance,restricted,read,unmanaged,high,1,1
2220,30,5,finance-3,finance,employee,engineering-code,engineering,confidential,read,unmanaged,low,0,1
2221,1,12,finance-1,finance,employee,company-handbook,shared,public,read,managed,low,1,0
2222,2,10,finance-1,finance,employee,finance-payroll,finance,restricted,read,managed,low,1,0
2223,3,9,sales-1,sales,employee,company-handbook,shared,public,export,managed,high,1,1
2224,4,18,finance-2,finance,employee,sales-crm,sales,internal,read,managed,low,0,1
2225,5,11,security-admin,security,admin,company-handbook,shared,public,read,managed,low,1,0
2226,6,3,sales-2,sales,employee,finance-payroll,finance,restricted,read,managed,low,0,1
2227,7,13,sales-1,sales,employee,engineering-code,engineering,confidential,read,managed,low,0,1
2228,8,20,security-admin,security,admin,sales-crm,sales,internal,read,managed,low,1,0
2229,9,7,sales-3,sales,employee,sales-crm,sales,internal,read,managed,low,1,0
2230,10,10,report-service,sales,service,sales-crm,sales,internal,read,managed,low,1,0
2231,11,9,finance-1,finance,employee,engineering-code,engineering,confidential,read,unmanaged,low,0,1
2232,12,17,finance-2,finance,employee,company-handbook,shared,public,read,managed,low,1,0
2233,13,22,engineering-2,engineering,employee,finance-payroll,finance,restricted,read,managed,low,0,1
2234,14,5,finance-3,finance,employee,finance-payroll,finance,restricted,read,managed,low,1,0
2235,15,6,engineering-1,engineering,employee,sales-crm,sales,internal,read,managed,low,1,1
2236,16,3,finance-3,finance,employee,sales-crm,sales,internal,read,managed,low,0,1
2237,17,3,finance-2,finance,employee,sales-crm,sales,internal,read,managed,low,0,1
2238,18,18,report-service,sales,service,sales-crm,sales,internal,export,managed,low,1,0
2239,19,4,security-admin,security,admin,company-handbook,shared,public,read,managed,low,1,0
2240,20,14,engineering-3,engineering,employee,finance-payroll,finance,restricted,read,managed,low,0,1
2241,21,13,engineering-1,engineering,employee,sales-crm,sales,internal,read,unmanaged,low,1,1
2242,22,8,sales-3,sales,employee,sales-crm,sales,internal,export,managed,low,1,0
2243,23,2,engineering-3,engineering,employee,finance-payroll,finance,restricted,read,managed,low,0,1
2244,24,20,engineering-3,engineering,employee,engineering-code,engineering,confidential,read,managed,low,1,0
2245,25,18,sales-3,sales,employee,finance-payroll,finance,restricted,read,managed,low,0,1
2246,26,2,engineering-1,engineering,employee,finance-payroll,finance,restricted,read,managed,low,0,1
2247,27,14,security-admin,security,admin,sales-crm,sales,internal,read,managed,high,1,1
2248,28,4,security-admin,security,admin,finance-payroll,finance,restricted,read,managed,low,1,0
2249,29,14,engineering-3,engineering,employee,finance-payroll,finance,restricted,read,managed,low,0,1
2250,30,19,security-admin,security,admin,sales-crm,sales,internal,read,managed,low,1,0
2251,1,23,engineering-3,engineering,employee,sales-crm,sales,internal,export,managed,low,0,1
2252,2,11,engineering-3,engineering,employee,engineering-code,engineering,confidential,read,managed,low,1,0
2253,3,6,engineering-3,engineering,employee,sales-crm,sales,internal,read,managed,low,1,1
2254,4,10,finance-3,finance,employee,sales-crm,sales,internal,export,managed,high,0,1
2255,5,8,finance-2,finance,employee,finance-payroll,finance,restricted,read,managed,low,1,0
2256,6,23,engineering-3,engineering,employee,sales-crm,sales,internal,read,managed,low,1,1
2257,7,23,security-admin,security,admin,company-handbook,shared,public,read,managed,low,1,0
2258,8,11,finance-3,finance,employee,company-handbook,shared,public,read,unmanaged,low,1,0
2259,9,21,engineering-1,engineering,employee,sales-crm,sales,internal,read,managed,low,1,1
2260,10,9,sales-2,sales,employee,sales-crm,sales,internal,read,managed,low,1,0
2261,11,10,security-admin,security,admin,company-handbook,shared,public,read,managed,low,1,0
2262,12,17,finance-2,finance,employee,sales-crm,sales,internal,export,managed,low,1,1
2263,13,18,security-admin,security,admin,engineering-code,engineering,confidential,read,managed,low,1,0
2264,14,5,sales-1,sales,employee,sales-crm,sales,internal,read,managed,low,1,0
2265,15,18,engineering-3,engineering,employee,sales-crm,sales,internal,read,managed,low,1,1
2266,16,4,security-admin,security,admin,finance-payroll,finance,restricted,read,managed,high,1,1
2267,17,11,security-admin,security,admin,sales-crm,sales,internal,read,managed,low,1,0
2268,18,0,report-service,sales,service,sales-crm,sales,internal,read,managed,high,1,1
2269,19,22,finance-2,finance,employee,finance-payroll,finance,restricted,read,managed,low,1,0
2270,20,12,sales-1,sales,employee,company-handbook,shared,public,read,managed,low,1,0
2271,21,13,finance-2,finance,employee,company-handbook,shared,public,read,managed,low,1,0
2272,22,22,engineering-3,engineering,employee,company-handbook,shared,public,read,managed,low,1,0
2273,23,23,build-service,engineering,service,sales-crm,sales,internal,read,managed,low,1,1
2274,24,11,finance-3,finance,employee,company-handbook,shared,public,read,unmanaged,low,1,0
2275,25,14,finance-3,finance,employee,sales-crm,sales,internal,read,managed,low,0,1
2276,26,5,sales-3,sales,employee,company-handbook,shared,public,read,managed,low,1,0
2277,27,12,sales-3,sales,employee,engineering-code,engineering,confidential,read,unmanaged,low,0,1
2278,28,1,sales-1,sales,employee,sales-crm,sales,internal,read,managed,low,1,0
2279,29,13,finance-1,finance,employee,engineering-code,engineering,confidential,read,managed,low,0,1
2280,30,9,finance-1,finance,employee,engineering-code,engineering,confidential,read,managed,low,0,1
2281,1,10,finance-3,finance,employee,engineering-code,engineering,confidential,read,managed,low,0,1
2282,2,21,finance-3,finance,employee,finance-payroll,finance,restricted,export,managed,low,1,1
2283,3,1,finance-1,finance,employee,engineering-code,engineering,confidential,read,managed,low,0,1
2284,4,5,build-service,engineering,service,sales-crm,sales,internal,read,managed,low,1,1
2285,5,19,engineering-3,engineering,employee,engineering-code,engineering,confidential,read,managed,low,1,0
2286,6,21,engineering-1,engineering,employee,engineering-code,engineering,confidential,read,managed,low,1,0
2287,7,21,engineering-1,engineering,employee,engineering-code,engineering,confidential,read,managed,low,1,0
2288,8,1,finance-1,finance,employee,engineering-code,engineering,confidential,export,unmanaged,low,0,1
2289,9,6,finance-3,finance,employee,engineering-code,engineering,confidential,read,managed,low,0,1
2290,10,1,sales-1,sales,employee,company-handbook,shared,public,read,managed,low,1,0
2291,11,17,report-service,sales,service,engineering-code,engineering,confidential,read,managed,low,0,1
2292,12,11,engineering-3,engineering,employee,engineering-code,engineering,confidential,read,managed,low,1,0
2293,13,15,finance-3,finance,employee,finance-payroll,finance,restricted,read,managed,low,1,0
2294,14,4,sales-3,sales,employee,finance-payroll,finance,restricted,read,managed,low,0,1
2295,15,5,sales-1,sales,employee,engineering-code,engineering,confidential,read,managed,low,0,1
2296,16,22,finance-3,finance,employee,sales-crm,sales,internal,read,managed,low,0,1
2297,17,7,security-admin,security,admin,sales-crm,sales,internal,read,managed,low,1,0
2298,18,17,engineering-2,engineering,employee,engineering-code,engineering,confidential,read,managed,low,1,0
2299,19,18,finance-3,finance,employee,company-handbook,shared,public,read,unmanaged,low,1,0
2300,20,8,sales-2,sales,employee,sales-crm,sales,internal,read,managed,low,1,0
2301,21,17,sales-2,sales,employee,engineering-code,engineering,confidential,read,managed,low,1,1
2302,22,12,report-service,sales,service,finance-payroll,finance,restricted,read,managed,low,1,1
2303,23,22,sales-3,sales,employee,sales-crm,sales,internal,read,managed,low,1,0
2304,24,4,finance-1,finance,employee,finance-payroll,finance,restricted,read,managed,low,1,0
2305,25,15,finance-1,finance,employee,engineering-code,engineering,confidential,read,unmanaged,low,0,1
2306,26,22,report-service,sales,service,finance-payroll,finance,restricted,read,managed,low,1,1
2307,27,10,sales-2,sales,employee,engineering-code,engineering,confidential,read,managed,low,1,1
2308,28,21,sales-3,sales,employee,company-handbook,shared,public,read,managed,low,1,0
2309,29,2,engineering-3,engineering,employee,finance-payroll,finance,restricted,export,managed,low,1,1
2310,30,1,engineering-2,engineering,employee,sales-crm,sales,internal,read,managed,low,0,1
2311,1,5,engineering-2,engineering,employee,sales-crm,sales,internal,read,unmanaged,low,0,1
2312,2,4,finance-3,finance,employee,finance-payroll,finance,restricted,read,unmanaged,low,1,1
2313,3,18,sales-2,sales,employee,finance-payroll,finance,restricted,read,managed,low,0,1
2314,4,12,report-service,sales,service,sales-crm,sales,internal,read,managed,low,1,0
2315,5,11,engineering-2,engineering,employee,sales-crm,sales,internal,read,managed,low,0,1
2316,6,14,finance-1,finance,employee,finance-payroll,finance,restricted,read,managed,low,1,0
2317,7,20,sales-2,sales,employee,sales-crm,sales,internal,read,managed,low,1,0
2318,8,18,report-service,sales,service,sales-crm,sales,internal,read,managed,low,1,0
2319,9,12,sales-1,sales,employee,engineering-code,engineering,confidential,read,unmanaged,low,0,1
2320,10,1,build-service,engineering,service,company-handbook,shared,public,read,managed,low,1,0
2321,11,17,build-service,engineering,service,company-handbook,shared,public,export,unmanaged,low,1,0
2322,12,4,engineering-3,engineering,employee,sales-crm,sales,internal,read,managed,low,1,1
2323,13,18,finance-3,finance,employee,company-handbook,shared,public,read,managed,low,1,0
2324,14,11,finance-1,finance,employee,engineering-code,engineering,confidential,read,managed,low,0,1
2325,15,13,engineering-1,engineering,employee,sales-crm,sales,internal,read,managed,low,1,1
2326,16,12,engineering-2,engineering,employee,finance-payroll,finance,restricted,read,managed,low,0,1
2327,17,22,finance-2,finance,employee,finance-payroll,finance,restricted,export,unmanaged,low,1,1
2328,18,7,build-service,engineering,service,sales-crm,sales,internal,read,managed,low,1,1
2329,19,16,build-service,engineering,service,engineering-code,engineering,confidential,read,managed,low,1,0
2330,20,14,finance-1,finance,employee,sales-crm,sales,internal,read,managed,low,1,1
2331,21,21,sales-1,sales,employee,engineering-code,engineering,confidential,export,managed,low,0,1
2332,22,10,sales-3,sales,employee,engineering-code,engineering,confidential,read,managed,low,0,1
2333,23,4,sales-1,sales,employee,sales-crm,sales,internal,read,managed,low,1,0
2334,24,11,report-service,sales,service,sales-crm,sales,internal,read,managed,low,1,0
2335,25,16,build-service,engineering,service,sales-crm,sales,internal,read,managed,low,1,1
2336,26,11,build-service,engineering,service,company-handbook,shared,public,read,managed,low,1,0
2337,27,4,report-service,sales,service,finance-payroll,finance,restricted,read,managed,low,1,1
2338,28,8,finance-2,finance,employee,engineering-code,engineering,confidential,read,managed,low,0,1
2339,29,1,sales-3,sales,employee,sales-crm,sales,internal,read,managed,low,1,0
2340,30,5,finance-3,finance,employee,company-handbook,shared,public,read,managed,low,1,0
2341,17,3,report-service,sales,service,finance-payroll,finance,restricted,read,managed,low,1,1
2342,17,3,report-service,sales,service,finance-payroll,finance,restricted,read,managed,low,1,1
2343,17,3,report-service,sales,service,finance-payroll,finance,restricted,read,managed,low,1,1
2344,17,3,report-service,sales,service,finance-payroll,finance,restricted,read,managed,low,1,1
2345,17,3,report-service,sales,service,finance-payroll,finance,restricted,read,unmanaged,low,1,1
2346,17,3,report-service,sales,service,finance-payroll,finance,restricted,read,managed,high,1,1
2347,17,3,report-service,sales,service,finance-payroll,finance,restricted,read,managed,low,1,1
2348,17,3,report-service,sales,service,finance-payroll,finance,restricted,read,managed,low,1,1
2349,17,3,report-service,sales,service,finance-payroll,finance,restricted,read,unmanaged,low,1,1
2350,17,3,report-service,sales,service,finance-payroll,finance,restricted,read,unmanaged,low,1,1
2351,17,3,report-service,sales,service,finance-payroll,finance,restricted,read,managed,low,1,1
2352,17,3,report-service,sales,service,finance-payroll,finance,restricted,read,managed,low,1,1
2353,17,3,report-service,sales,service,finance-payroll,finance,restricted,read,managed,high,1,1
2354,17,3,report-service,sales,service,finance-payroll,finance,restricted,read,managed,low,1,1
2355,17,3,report-service,sales,service,finance-payroll,finance,restricted,read,managed,low,1,1
2356,17,3,report-service,sales,service,finance-payroll,finance,restricted,read,managed,low,1,1
2357,17,3,report-service,sales,service,finance-payroll,finance,restricted,read,unmanaged,low,1,1
2358,17,3,report-service,sales,service,finance-payroll,finance,restricted,read,managed,low,1,1
2359,17,3,report-service,sales,service,finance-payroll,finance,restricted,read,managed,low,1,1
2360,17,3,report-service,sales,service,finance-payroll,finance,restricted,read,managed,low,1,1
2361,17,3,report-service,sales,service,finance-payroll,finance,restricted,read,managed,low,1,1
2362,17,3,report-service,sales,service,finance-payroll,finance,restricted,read,managed,low,1,1
2363,17,3,report-service,sales,service,finance-payroll,finance,restricted,read,managed,low,1,1
2364,17,3,report-service,sales,service,finance-payroll,finance,restricted,read,managed,low,1,1
2365,17,3,report-service,sales,service,finance-payroll,finance,restricted,read,managed,low,1,1
2366,17,3,report-service,sales,service,finance-payroll,finance,restricted,read,managed,low,1,1
2367,17,3,report-service,sales,service,finance-payroll,finance,restricted,read,managed,high,1,1
2368,17,3,report-service,sales,service,finance-payroll,finance,restricted,read,managed,low,1,1
2369,17,3,report-service,sales,service,finance-payroll,finance,restricted,read,managed,low,1,1
2370,17,3,report-service,sales,service,finance-payroll,finance,restricted,read,unmanaged,low,1,1
2371,17,3,report-service,sales,service,finance-payroll,finance,restricted,read,managed,low,1,1
2372,17,3,report-service,sales,service,finance-payroll,finance,restricted,read,managed,low,1,1
2373,17,3,report-service,sales,service,finance-payroll,finance,restricted,read,managed,low,1,1
2374,17,3,report-service,sales,service,finance-payroll,finance,restricted,read,managed,low,1,1
2375,17,3,report-service,sales,service,finance-payroll,finance,restricted,read,managed,low,1,1
2376,17,3,report-service,sales,service,finance-payroll,finance,restricted,read,managed,low,1,1
2377,17,3,report-service,sales,service,finance-payroll,finance,restricted,read,managed,low,1,1
2378,17,3,report-service,sales,service,finance-payroll,finance,restricted,read,managed,low,1,1
2379,17,3,report-service,sales,service,finance-payroll,finance,restricted,read,managed,low,1,1
2380,17,3,report-service,sales,service,finance-payroll,finance,restricted,read,managed,low,1,1
2381,17,3,report-service,sales,service,finance-payroll,finance,restricted,read,managed,low,1,1
2382,17,3,report-service,sales,service,finance-payroll,finance,restricted,read,managed,low,1,1
2383,17,3,report-service,sales,service,finance-payroll,finance,restricted,read,managed,low,1,1
2384,17,3,report-service,sales,service,finance-payroll,finance,restricted,read,managed,low,1,1
2385,17,3,report-service,sales,service,finance-payroll,finance,restricted,read,managed,low,1,1
2386,17,3,report-service,sales,service,finance-payroll,finance,restricted,read,unmanaged,low,1,1
2387,17,3,report-service,sales,service,finance-payroll,finance,restricted,read,managed,low,1,1
2388,17,3,report-service,sales,service,finance-payroll,finance,restricted,read,managed,low,1,1
2389,17,3,report-service,sales,service,finance-payroll,finance,restricted,read,managed,low,1,1
2390,17,3,report-service,sales,service,finance-payroll,finance,restricted,read,managed,low,1,1
2391,17,3,report-service,sales,service,finance-payroll,finance,restricted,read,managed,low,1,1
2392,17,3,report-service,sales,service,finance-payroll,finance,restricted,read,managed,low,1,1
2393,17,3,report-service,sales,service,finance-payroll,finance,restricted,read,managed,low,1,1
2394,17,3,report-service,sales,service,finance-payroll,finance,restricted,read,managed,low,1,1
2395,17,3,report-service,sales,service,finance-payroll,finance,restricted,read,unmanaged,low,1,1
2396,17,3,report-service,sales,service,finance-payroll,finance,restricted,read,managed,low,1,1
2397,17,3,report-service,sales,service,finance-payroll,finance,restricted,read,managed,low,1,1
2398,17,3,report-service,sales,service,finance-payroll,finance,restricted,read,managed,low,1,1
2399,17,3,report-service,sales,service,finance-payroll,finance,restricted,read,unmanaged,low,1,1
2400,17,3,report-service,sales,service,finance-payroll,finance,restricted,read,unmanaged,low,1,1
